"","nuts_2","nuts_1","country","trade_center","trade_center_1","trade_center_2","num_trade_centers","num_trade_centers_1","num_trade_centers_2","capital","education","catholics","latitude","longitude","mountain","border_region","university_1500","coast_region","printingpress_pre1500","hanse","imperial","agri","altitude","dist_border","dist_coast","dist_trade","east_germany","bishop","mining","eqi100","residence","trade_year","Region","GDP_1900","GDP_1910","GDP_1925","GDP_1938","GDP_1950","GDP_1960","GDP_1970","GDP_1980","GDP_1990","GDP_2000","GDP_2010","GDP_2015","GDP_11_1900","GDP_11_1910","GDP_11_1925","GDP_11_1938","GDP_11_1950","GDP_11_1960","GDP_11_1970","GDP_11_1980","GDP_11_1990","GDP_11_2000","GDP_11_2010","GDP_11_2015","AREA","POP_1900","POP_1910","POP_1925","POP_1938","POP_1950","POP_1960","POP_1970","POP_1980","POP_1990","POP_2000","POP_2010","POP_2015","AGSH_1900","AGSH_1910","AGSH_1925","AGSH_1938","AGSH_1950","AGSH_1960","AGSH_1970","AGSH_1980","AGSH_1990","AGSH_2000","AGSH_2010","AGSH_2015","INDSH_1900","INDSH_1910","INDSH_1925","INDSH_1938","INDSH_1950","INDSH_1960","INDSH_1970","INDSH_1980","INDSH_1990","INDSH_2000","INDSH_2010","INDSH_2015","SERSH_1900","SERSH_1910","SERSH_1925","SERSH_1938","SERSH_1950","SERSH_1960","SERSH_1970","SERSH_1980","SERSH_1990","SERSH_2000","SERSH_2010","SERSH_2015"
"1","AT11","AT1","Austria",0,0,0,0,0,0,0,15.1,70.513298034668,47.5082105000814,16.4922383626302,0,1,0,0,0,0,0,1.88166666858021,223.166669209798,0.125508718192577,2.9036869208018,0.693312247594198,0,0,0,90.620002746582,1,0,"Burgenland","457","545","520","582","636","1017",1540,2278,2879,3839,4652,4816,"497","594","563","675","782","1333",2137,2984,4095,6543,7818,9125,3962,"292","292","288","305","276","272",273,270,271,276,284,290,"0,766","0,742","0,686","0,638","0,631",0.503,0.288,0.153,0.087,0.078,0.055,"0,059","0,123","0,147","0,194","0,237","0,245",0.321,0.443,0.466,0.413,0.321,0.252,"0,257","0,111","0,112","0,12","0,125","0,123",0.176,0.269,0.38,0.5,0.601,0.693,"0,684"
"2","AT12+AT13","AT1","Austria",1,1,1,0.125,0.125,0.125,1,18.6875,70.513298034668,48.2306914329529,15.9105032682419,1,1,1,0,1,0,0,1.71674999007209,412.137495040894,0.440830109640956,3.23650321364403,0,0,1,0,84.5499982833862,1,8,"Lower Austria","10940","14072","14192","14720","13946","22612",34120,45757,58139,71434,85098,84643,"11913","15321","15371","17069","17159","29636",47336,59923,82707,121749,143030,160387,19601,"3080","3509","3362","3392","3017","3004",3039,2964,2962,3089,3303,3452,"0,233","0,208","0,198","0,19","0,215",0.158,0.107,0.07,0.05,0.049,0.037,"0,024","0,395","0,416","0,421","0,424","0,454",0.471,0.423,0.385,0.323,0.257,0.196,"0,175","0,372","0,375","0,381","0,386","0,331",0.371,0.47,0.545,0.627,0.695,0.767,"0,801"
"3","AT21","AT2","Austria",1,0,0,0.333333333333333,0,0,0,17.3,70.513298034668,46.7263209025065,13.9798091252645,1,1,0,0,0,0,0,1.09500000176393,799.133321126302,0.224680222570896,1.08139048020045,0,0,1,0,88.120002746582,0,6,"Carinthia","632","798","790","903","1243","2592",4293,6104,7349,9764,11298,11256,"688","869","855","1047","1529","3397",5956,7993,10454,16642,18989,21328,9538,"344","371","376","419","475","494",525,536,546,560,557,561,"0,635","0,574","0,531","0,498","0,375",0.267,0.146,0.086,0.06,0.064,0.064,"0,059","0,191","0,221","0,257","0,286","0,371",0.4,0.412,0.399,0.356,0.314,0.26,"0,235","0,175","0,205","0,212","0,216","0,253",0.333,0.443,0.515,0.584,0.622,0.676,"0,706"
"4","AT22","AT2","Austria",1,0,0,0.333333333333333,0,0,0,16.6,70.513298034668,47.2274824778239,15.0753939946493,1,1,0,0,0,0,0,1.31366666708102,721.183319091798,0.621018941203753,1.96369731426239,0,0,1,0,81.3499984741211,1,6,"Styria","1929","2292","2435","2953","3401","6265",9214,13346,15829,21085,25176,26205,"2100","2495","2638","3424","4184","8211",12783,17478,22518,35936,42316,49654,16401,"889","958","986","1028","1110","1137",1193,1188,1171,1183,1206,1228,"0,645","0,602","0,54","0,491","0,433",0.333,0.215,0.131,0.09,0.077,0.059,"0,066","0,194","0,219","0,255","0,284","0,359",0.394,0.42,0.423,0.382,0.345,0.289,"0,253","0,161","0,179","0,205","0,225","0,208",0.273,0.366,0.446,0.529,0.578,0.652,"0,682"
"5","AT31","AT3","Austria",1,1,0,0.2,0.2,0,0,16.5,70.513298034668,48.1311820983887,13.983486366272,1,1,0,0,0,0,0,1.54280001423709,825.039990234375,0.35951232612133,2.40560808181763,0,0,0,0,82.629997253418,0,13,"Upper Austria","1927","2288","2370","2758","3525","6928",11389,17060,21351,27820,33545,35164,"2098","2491","2567","3198","4337","9080",15801,22342,30373,47416,56381,66631,11980,"811","854","883","912","1109","1132",1225,1265,1304,1372,1410,1444,"0,58","0,555","0,521","0,494","0,392",0.299,0.192,0.116,0.077,0.065,0.059,"0,048","0,235","0,248","0,278","0,302","0,367",0.429,0.465,0.472,0.427,0.361,0.321,"0,311","0,185","0,196","0,201","0,204","0,241",0.272,0.344,0.412,0.496,0.574,0.62,"0,642"
"6","AT32","AT3","Austria",1,0,0,0.333333333333333,0,0,0,19.7,70.513298034668,47.4059092203776,13.2349650065104,1,1,0,0,0,0,0,1.13933333484089,1556.26664225261,0.292552461226781,1.66095300515493,0,0,1,0,82.0299987792969,0,6,"Salzburg","477","609","635","731","1003","2229",4219,6675,8799,12031,14662,15086,"520","664","687","848","1234","2922",5853,8742,12517,20505,24643,28586,7156,"193","215","226","255","327","347",400,439,476,514,527,541,"0,522","0,478","0,445","0,42","0,313",0.231,0.131,0.076,0.052,0.047,0.037,"0,043","0,214","0,239","0,256","0,27","0,381",0.364,0.363,0.349,0.31,0.283,0.247,"0,2","0,264","0,283","0,299","0,31","0,306",0.404,0.505,0.575,0.638,0.67,0.716,"0,757"
"7","AT33","AT3","Austria",1,0,1,0.2,0,0.2,0,17,70.513298034668,47.1817337036133,11.429856300354,1,1,0,0,0,0,0,1.05299999823869,1669.64001464844,0.204038810729981,2.08236885070801,0,0,0,0,87.6600036621094,0,6,"Tyrol","518","734","765","908","1241","2738",5218,8108,10504,14373,17629,18605,"565","799","829","1052","1527","3589",7239,10619,14943,24496,29631,35254,12640,"266","305","318","364","428","462",539,584,621,669,705,733,"0,635","0,561","0,476","0,412","0,365",0.263,0.127,0.067,0.043,0.046,0.049,"0,047","0,168","0,213","0,253","0,283","0,37",0.365,0.379,0.363,0.331,0.251,0.252,"0,222","0,197","0,226","0,271","0,305","0,266",0.372,0.494,0.57,0.626,0.703,0.699,"0,731"
"8","AT34","AT3","Austria",0,0,0,0,0,0,0,16.8,70.513298034668,47.2718086242676,9.84349536895752,1,1,0,0,0,0,0,1.27499999886606,1454.70001220703,0.125429015606642,2.9877700805664,0.542340576648712,0,0,0,86.1600036621094,0,0,"Vorarlberg","333","424","451","498","708","1526",2792,4545,5628,7532,9409,9746,"363","462","489","577","871","2001",3873,5953,8006,12837,15814,18468,2601,"129","145","142","162","194","224",273,304,327,349,369,381,"0,376","0,345","0,322","0,305","0,261",0.155,0.067,0.035,0.025,0.019,0.029,"0,027","0,461","0,464","0,454","0,445","0,508",0.563,0.586,0.549,0.489,0.436,0.356,"0,303","0,163","0,191","0,223","0,25","0,231",0.282,0.347,0.416,0.486,0.544,0.615,"0,67"
"9","BE10+BE24+BE31","BRU","Belgium",0,0,0,0,0,0,1,44.85,73.6669998168945,50.8117876052857,4.4978129863739,0,0,1,0,1,0,0,1.66200000066983,78.1249990463257,0.49574389308691,0.321398779749871,0.515691936016083,0,0,0,69.2500009536743,0,0,"Brabant","5184","6762","9000","10701","12938","19263",31569,42833,53603,69429,85727,80439,"8311","11497","11193","12476","16564","25317",46845,65239,73890,112299,140441,137819,3358,"1281","1470","1625","1767","1838","1978",2176,2219,2248,2336,2567,2475,"0,246","0,174","0,14","0,117","0,078",0.046,0.024,0.018,0.011,0.008,0.005,"0,025","0,371","0,42","0,391","0,379","0,418",0.408,0.377,0.252,0.165,0.141,0.109,"0,148","0,383","0,407","0,469","0,503","0,504",0.546,0.599,0.73,0.824,0.851,0.885,"0,827"
"10","BE21","BRU","Belgium",1,1,0,0.333333333333333,0.333333333333333,0,0,32,73.6669998168945,51.1952845255534,4.66450929641724,0,1,0,1,1,0,0,1.12733333659716,13.5666663646698,0.194770835340023,0.258319303393364,0,0,0,0,81.5500030517578,0,7,"Antwerp","2970","4115","5752","6798","7950","10768",18202,26195,30748,39088,47483,50710,"4761","6997","7153","7926","10178","14153",27010,39898,42385,63224,77789,86883,2867,"834","969","1118","1244","1314","1431",1533,1567,1604,1645,1755,1813,"0,258","0,176","0,156","0,137","0,094",0.055,0.027,0.022,0.018,0.016,0.011,"0,011","0,345","0,399","0,377","0,352","0,442",0.467,0.48,0.402,0.301,0.268,0.222,"0,199","0,398","0,425","0,467","0,51","0,464",0.478,0.492,0.577,0.682,0.716,0.767,"0,789"
"11","BE22","BRU","Belgium",0,0,0,0,0,0,0,28.6,73.6669998168945,50.9777323404948,5.44919983545939,0,1,0,0,0,0,0,1.51966666692993,53.5666669209798,0.18620441108942,1.03796182076136,0.443838159243266,0,0,0,81.5500030517578,0,0,"Limburg","602","723","979","1269","1805","2613",5088,8268,10984,13773,16170,17007,"965","1229","1218","1480","2311","3434",7551,12593,15140,22278,26490,29139,2422,"245","276","342","408","483","566",653,712,749,792,842,859,"0,544","0,489","0,405","0,33","0,204",0.119,0.052,0.035,0.038,0.032,0.022,"0,021","0,195","0,265","0,321","0,353","0,473",0.495,0.551,0.468,0.343,0.317,0.251,"0,23","0,261","0,246","0,274","0,317","0,323",0.386,0.397,0.497,0.619,0.652,0.727,"0,749"
"12","BE23","BRU","Belgium",1,1,0,0.166666666666667,0.166666666666667,0,0,33.8,73.6669998168945,51.0409469604492,3.83994336922964,0,1,0,1,1,0,0,1.31400000666508,23.8833338419596,0.200145988414685,0.120569419736664,0,0,0,0,81.5500030517578,0,9,"East-Flanders","3214","3785","4427","4891","5634","6990",11420,15197,19895,24427,30543,32207,"5152","6435","5505","5702","7212","9187",16946,23146,27424,39510,50037,55182,2982,"1035","1120","1142","1192","1229","1268",1310,1330,1337,1362,1439,1476,"0,361","0,293","0,242","0,208","0,155",0.111,0.065,0.051,0.032,0.027,0.018,"0,014","0,364","0,449","0,441","0,424","0,487",0.511,0.521,0.404,0.312,0.281,0.237,"0,222","0,275","0,258","0,317","0,368","0,358",0.378,0.414,0.546,0.656,0.693,0.745,"0,763"
"13","BE25","BRU","Belgium",1,1,0,0.125,0.125,0,0,29.5,73.6669998168945,51.0023698806763,3.03980395197868,0,1,0,1,1,0,0,1.27674999747353,15.7374995825812,0.139936364255845,0.245725408196449,0,0,0,0,81.5500030517578,0,7,"West-Flanders","2023","2466","3273","3963","4193","5831",9692,14663,17786,21853,25667,27075,"3244","4193","4070","4621","5368","7665",14382,22334,24518,35346,42048,46389,3144,"807","874","895","962","1012","1064",1054,1078,1106,1129,1162,1178,"0,419","0,354","0,261","0,213","0,169",0.12,0.076,0.061,0.048,0.04,0.028,"0,024","0,267","0,362","0,374","0,388","0,45",0.479,0.497,0.444,0.321,0.299,0.26,"0,242","0,315","0,284","0,366","0,399","0,381",0.401,0.427,0.495,0.631,0.66,0.713,"0,734"
"14","BE32","BRU","Belgium",0,0,0,0,0,0,0,24,73.6669998168945,50.5302467346191,3.80521249771118,0,1,0,0,0,0,0,1.60028572045421,78.8000011444092,0.132214054930955,0.523812672921589,0.644875100680761,0,1,0,60.8899993896484,1,0,"Hainaut","5158","5911","5780","5735","6300","7368",11115,14576,15705,17558,20020,20367,"8268","10051","7188","6687","8066","9684",16494,22201,21649,28400,32798,34896,3786,"1137","1233","1261","1244","1230","1247",1317,1302,1283,1281,1314,1335,"0,178","0,142","0,108","0,1","0,084",0.068,0.042,0.035,0.025,0.02,0.014,"0,013","0,571","0,618","0,589","0,543","0,581",0.548,0.499,0.368,0.259,0.17,0.207,"0,187","0,25","0,24","0,303","0,357","0,335",0.383,0.459,0.596,0.715,0.81,0.779,"0,8"
"15","BE33","BRU","Belgium",0,0,0,0,0,0,0,30.4,73.6669998168945,50.5199653625488,5.66163244247436,0,1,0,0,1,0,0,1.59760000415687,297.979998779297,0.272358354926109,1.35952700376511,0.500069928169251,0,1,0,60.8899993896484,0,0,"Liege","3648","4320","4877","5069","5773","7376",10643,14038,14249,15843,18737,18695,"5847","7345","6065","5910","7391","9695",15793,21381,19641,25625,30695,32031,3862,"837","888","951","971","972","1001",1009,1000,1003,1020,1072,1096,"0,157","0,117","0,113","0,113","0,092",0.07,0.046,0.034,0.023,0.018,0.012,"0,011","0,559","0,606","0,549","0,501","0,543",0.531,0.462,0.367,0.262,0.231,0.207,"0,196","0,285","0,277","0,338","0,386","0,364",0.399,0.493,0.599,0.715,0.751,0.781,"0,793"
"16","BE34","BRU","Belgium",0,0,0,0,0,0,0,32.3,73.6669998168945,49.9162681579589,5.55554666519165,0,1,0,0,0,0,0,1.54160000307483,362.7,0.169587423652411,1.63044590950012,1.01410856246948,0,0,0,60.8899993896484,0,0,"Luxembourg (region)","797","829","685","656","861","1028",1445,2202,3029,3623,4363,4200,"1278","1409","852","765","1102","1351",2144,3354,4175,5860,7148,7196,4440,"220","231","223","222","214","217",217,222,233,248,270,280,"0,542","0,461","0,437","0,406","0,358",0.281,0.174,0.12,0.078,0.06,0.042,"0,039","0,206","0,262","0,206","0,198","0,226",0.267,0.292,0.216,0.199,0.204,0.198,"0,187","0,252","0,278","0,357","0,396","0,417",0.452,0.534,0.664,0.723,0.736,0.76,"0,774"
"17","BE35","BRU","Belgium",0,0,0,0,0,0,0,31.5,73.6669998168945,50.2297922770182,4.80121262868246,0,1,0,0,0,0,0,1.62500000047869,199.233337402344,0.175289615988732,0.945948680241904,1.09079678853353,0,0,0,60.8899993896484,0,0,"Namur","1446","1562","1391","1388","1680","2128",3091,4461,5389,6390,7957,7919,"2318","2656","1730","1618","2151","2797",4586,6794,7429,10336,13035,13568,3666,"351","363","358","356","359","368",381,405,423,445,475,488,"0,319","0,237","0,206","0,19","0,169",0.132,0.08,0.057,0.04,0.032,0.021,"0,02","0,39","0,465","0,401","0,369","0,396",0.396,0.389,0.274,0.184,0.173,0.154,"0,146","0,291","0,297","0,393","0,442","0,435",0.472,0.531,0.669,0.776,0.795,0.825,"0,834"
"18","DE11","DE1","Germany",0,0,0,0,0,0,0,30.3,31.7900009155273,48.9588317871094,9.51223388084998,1,0,0,0,1,0,1,1.89715385881746,364.323071993314,1.14582917323479,4.26190319428077,0.779242378014785,0,0,0,83.9400024414062,1,0,"Stuttgart, Regierungsbezirk","3974","5522","6202","9751","11939","28830",45739,60694,78337,92665,100358,114107,"4842","7286","6508","11962","16949","45888",72111,94303,122785,166144,200197,244566,10558,"1313","1494","1686","1860","2435","3038",3496,3459,3717,3874,3902,4032,"0,411","0,391","0,375","0,295","0,219",0.129,0.067,0.042,0.029,0.016,0.012,"0,01","0,36","0,392","0,407","0,455","0,49",0.556,0.574,0.505,0.462,0.366,0.324,"0,327","0,23","0,217","0,218","0,25","0,291",0.314,0.359,0.452,0.509,0.619,0.665,"0,663"
"19","DE12","DE1","Germany",0,0,0,0,0,0,0,29.3,31.7900009155273,49.025595664978,8.58567015329997,1,1,1,0,1,0,0,1.65550000630318,297.016665776571,0.480963324972739,4.22056625286738,0.840423703193664,0,0,0,83.9400024414062,0,0,"Karlsruhe, Regierungsbezirk","3579","5397","5776","8357","9286","19345",32973,40031,51668,57966,62894,66673,"4360","7121","6061","10252","13182","30790",51983,62199,80983,103931,125462,142900,6919,"840","1048","1194","1317","1473","1697",1910,2380,2558,2646,2673,2738,"0,339","0,289","0,28","0,23","0,194",0.117,0.044,0.033,0.021,0.009,0.007,"0,006","0,4","0,442","0,438","0,521","0,459",0.511,0.53,0.457,0.4,0.321,0.281,"0,273","0,261","0,268","0,283","0,249","0,348",0.372,0.426,0.509,0.579,0.67,0.713,"0,721"
"20","DE13","DE1","Germany",1,1,0,0.1,0.1,0,0,27.2,31.7900009155273,47.9928050994873,8.2306670665741,1,1,0,0,1,0,1,1.53849999158819,571.440005493164,0.225971750915051,3.62353055477142,0,0,1,0,83.9400024414062,1,6,"Freiburg, Regierungsbezirk","2779","3772","3435","5871","5930","10930",18683,26793,33073,40122,43765,46466,"3385","4977","3604","7201","8418","17397",29455,41630,51838,71937,87303,99590,9357,"903","1027","1118","1234","1339","1626",1868,1851,1992,2102,2142,2205,"0,504","0,49","0,46","0,338","0,34",0.212,0.107,0.076,0.049,0.023,0.017,"0,015","0,301","0,316","0,336","0,341","0,379",0.467,0.503,0.452,0.41,0.352,0.317,"0,312","0,195","0,195","0,204","0,321","0,281",0.322,0.39,0.472,0.541,0.625,0.666,"0,674"
"21","DE14","DE1","Germany",1,1,1,0.222222222222222,0.222222222222222,0.111111111111111,0,29.3,31.7900009155273,48.1818656921387,9.46944257948134,1,1,1,0,1,0,1,1.56499998263919,620.711113823785,0.545642007556227,3.7713606622484,0,0,0,0,83.9400024414062,1,13,"Tübingen, Regierungsbezirk","2124","2836","2877","4541","5101","8698",15273,21671,28746,34801,39479,42403,"2588","3742","3019","5570","7241","13845",24079,33672,45057,62396,78753,90883,8918,"799","895","966","1066","1184","1398",1622,1499,1637,1737,1763,1806,"0,532","0,522","0,507","0,412","0,348",0.213,0.115,0.079,0.05,0.029,0.022,"0,019","0,309","0,327","0,346","0,393","0,433",0.533,0.564,0.476,0.435,0.363,0.334,"0,336","0,159","0,151","0,147","0,196","0,218",0.254,0.321,0.445,0.515,0.608,0.643,"0,645"
"22","DE21","DE2","Germany",0,0,0,0,0,0,0,33.4,31.7900009155273,48.1391304679539,11.6961159913436,1,1,1,0,1,0,0,1.70578261231772,548.565217391304,0.532675475610987,2.79858207702637,0.625518975050553,0,1,0,78.0899963378906,1,0,"Oberbayern, Regierungsbezirk","3898","4887","5869","9144","10681","23342",44526,67229,92511,109821,123170,141562,"4748","6447","6159","11216","15163","37152",70199,104458,145001,196904,245702,303409,17530,"1249","1467","1664","1816","2456","2755",3242,3643,3721,4034,4346,4547,"0,396","0,398","0,33","0,267","0,232",0.145,0.085,0.06,0.039,0.023,0.018,"0,015","0,291","0,276","0,329","0,332","0,364",0.417,0.433,0.355,0.318,0.249,0.215,"0,219","0,313","0,325","0,34","0,401","0,404",0.438,0.482,0.585,0.643,0.729,0.767,"0,766"
"23","DE22","DE2","Germany",0,0,0,0,0,0,0,21.6,31.7900009155273,48.7065846125285,12.7744170824687,1,1,0,0,1,0,0,1.57016667645999,425.408335367839,0.403768515214324,3.03084087371826,0.665270000696182,0,1,0,78.0899963378906,0,0,"Niederbayern, Regierungsbezirk","1426","1654","1434","2396","3944","4719",7937,11698,16463,20299,24318,25633,"1737","2182","1504","2939","5600","7512",12513,18176,25804,36395,48510,54939,10329,"682","711","756","825","1081","962",1012,997,1057,1170,1189,1205,"0,683","0,704","0,662","0,596","0,49",0.394,0.26,0.178,0.108,0.059,0.046,"0,038","0,17","0,163","0,191","0,209","0,295",0.356,0.424,0.392,0.402,0.359,0.331,"0,331","0,146","0,133","0,148","0,195","0,215",0.25,0.316,0.43,0.49,0.581,0.623,"0,632"
"24","DE23","DE2","Germany",1,1,1,0.2,0.1,0.1,0,21.7,31.7900009155273,49.4028690338135,12.0908705711365,0,1,0,0,1,0,1,1.38549999297927,421.850003051758,0.494920188188552,3.83177170753479,0,0,1,0,78.0899963378906,1,13,"Oberpfalz, Regierungsbezirk","1092","1448","1440","2115","3421","4997",8232,10709,14916,19818,23064,24534,"1330","1910","1511","2595","4857","7954",12979,16638,23379,35532,46009,52583,9690,"557","587","629","687","897","890",956,966,991,1074,1081,1089,"0,629","0,636","0,575","0,508","0,404",0.279,0.172,0.121,0.077,0.042,0.032,"0,025","0,217","0,215","0,252","0,269","0,34",0.429,0.468,0.402,0.395,0.35,0.333,"0,339","0,153","0,149","0,173","0,223","0,256",0.291,0.36,0.477,0.527,0.608,0.635,"0,635"
"25","DE24","DE2","Germany",0,0,0,0,0,0,0,25.2,31.7900009155273,50.0784058204064,11.3724228785588,1,1,0,0,1,0,0,1.31707691918165,439.830770639273,0.765744474071722,3.74931546357962,0.630286418474638,0,1,0,78.0899963378906,1,0,"Oberfranken, Regierungsbezirk","1525","2036","2275","3921","5067","7406",11252,13489,18004,18842,20709,21109,"1858","2687","2387","4810","7193","11788",17739,20958,28220,33783,41312,45244,7232,"674","736","758","827","1116","1087",1116,1052,1056,1114,1076,1062,"0,477","0,475","0,424","0,37","0,275",0.198,0.126,0.088,0.058,0.026,0.02,"0,017","0,358","0,362","0,411","0,42","0,478",0.537,0.557,0.488,0.454,0.375,0.323,"0,321","0,166","0,163","0,165","0,21","0,247",0.266,0.318,0.424,0.488,0.6,0.657,"0,662"
"26","DE25","DE2","Germany",1,1,1,0.0833333333333333,0.0833333333333333,0.0833333333333333,0,26.7,31.7900009155273,49.3977632522583,10.8913815021515,0,0,0,0,1,0,1,1.48733333637888,356.066668192546,1.43662457664808,4.12320846319199,0,0,0,0,78.0899963378906,1,13,"Mittelfranken, Regierungsbezirk","2381","3445","3779","5521","5563","10771",17833,22994,30074,34415,37966,40868,"2900","4546","3966","6772","7897","17143",28114,35727,47138,61705,75735,87591,7245,"787","924","998","1089","1284","1374",1485,1518,1566,1683,1710,1726,"0,406","0,39","0,332","0,272","0,254",0.172,0.115,0.066,0.042,0.02,0.015,"0,012","0,367","0,386","0,426","0,437","0,43",0.491,0.508,0.431,0.39,0.316,0.279,"0,278","0,227","0,224","0,243","0,291","0,316",0.337,0.377,0.503,0.568,0.664,0.706,"0,71"
"27","DE26","DE2","Germany",0,0,0,0,0,0,0,26.1,31.7900009155273,49.9710048039754,9.90336219469707,0,0,0,0,1,0,1,1.6747500094916,249.433334350586,1.72111839056015,3.57535382111867,0.690613945325216,0,1,0,78.0899963378906,0,0,"Unterfranken, Regierungsbezirk","1473","2250","2332","3672","4194","6818",10959,14260,19423,24844,27411,28262,"1795","2969","2447","4505","5954","10852",17278,22157,30443,44544,54680,60573,8531,"657","715","763","832","1038","1090",1181,1193,1235,1334,1322,1307,"0,58","0,587","0,543","0,472","0,388",0.262,0.135,0.097,0.058,0.026,0.02,"0,017","0,221","0,218","0,263","0,283","0,355",0.441,0.499,0.423,0.399,0.341,0.306,"0,303","0,199","0,196","0,194","0,246","0,257",0.297,0.366,0.48,0.544,0.633,0.674,"0,68"
"28","DE27","DE2","Germany",1,1,1,0.0714285714285714,0.0714285714285714,0.0714285714285714,0,24,31.7900009155273,48.1286634717669,10.4726956912449,1,1,0,0,1,0,1,1.71257143022014,584.114288330078,0.586558607806053,3.3386709690094,0,0,1,0,78.0899963378906,1,13,"Schwaben, Regierungsbezirk","2148","2630","2653","4220","5538","9571",16225,20052,27053,32389,36933,39486,"2617","3470","2784","5176","7862","15234",25580,31155,42402,58073,73675,84629,9994,"754","825","880","960","1312","1358",1487,1529,1594,1746,1785,1832,"0,512","0,535","0,507","0,439","0,342",0.235,0.154,0.106,0.067,0.042,0.031,"0,025","0,284","0,275","0,302","0,318","0,392",0.461,0.485,0.416,0.402,0.344,0.315,"0,316","0,204","0,19","0,192","0,243","0,266",0.304,0.361,0.478,0.531,0.614,0.653,"0,659"
"29","DE30","DE3","Germany",1,1,1,1,1,1,1,35.4,31.7900009155273,52.5068702697754,13.4244012832642,0,0,0,0,0,1,0,1.24999999557394,37.2000007629395,0.774605810642242,1.57808065414429,0,0,0,0,83.9400024414062,0,6,"Berlin","11095","18322","22122","32741","13103","24782",35590,46250,41751,61987,67016,72674,"13517","24175","23212","40162","18602","39445",56110,71862,65440,111139,133685,155762,892,"2605","3632","4024","4322","3336","3269",3208,3051,3400,3387,3443,3491,"0,095","0,014","0,009","0,008","0,018",0.009,0.008,0.004,0.003,0.001,0,"0","0,468","0,537","0,509","0,475","0,491",0.508,0.45,0.347,0.343,0.177,0.125,"0,12","0,436","0,45","0,482","0,517","0,49",0.483,0.541,0.649,0.654,0.822,0.875,"0,88"
"30","DE40","DE4","Germany",1,1,1,0.0555555555555556,0.0555555555555556,0.0555555555555556,0,30.9222222222222,31.7900009155273,52.389845530192,13.4539355172051,0,1,1,0,0,1,0,1.35288888833786,62.7944451438056,0.793112312753995,1.66130958331956,0,1,1,1,83.8899993896484,1,10,"Brandenburg","4755","6335","6781","11955","8772","14229",19099,26403,19535,33350,37029,38218,"5793","8359","7116","14665","12454","22648",30111,41024,30619,59796,73866,81913,29484,"1729","1879","2049","2391","2746","2655",2660,2667,2602,2601,2512,2473,"0,319","0,26","0,407","0,309","0,341",0.252,0.185,0.145,0.147,0.032,0.029,"0,028","0,376","0,406","0,355","0,383","0,363",0.506,0.454,0.477,0.438,0.274,0.221,"0,221","0,305","0,334","0,238","0,307","0,296",0.242,0.361,0.378,0.415,0.693,0.75,"0,751"
"31","DE50","DE5","Germany",1,1,1,1,1,0.5,0,23.8,31.7900009155273,53.3329734802246,8.66088676452636,0,0,0,1,0,1,0,1.38049999638941,4.19999990612269,0.220292617566884,0.219224324449897,0,0,1,0,83.3300018310547,0,10,"Bremen","981","1345","2079","2883","2553","7199",10894,14093,15634,16898,17851,18490,"1195","1774","2181","3537","3624","11458",17175,21897,24505,30297,35609,39629,419,"222","298","411","445","559","706",723,695,674,663,662,666,"0,067","0,07","0,038","0,031","0,036",0.019,0.016,0.005,0.004,0.002,0.002,"0,001","0,426","0,425","0,395","0,459","0,416",0.415,0.378,0.333,0.294,0.239,0.192,"0,194","0,507","0,505","0,567","0,51","0,548",0.566,0.606,0.663,0.702,0.759,0.806,"0,805"
"32","DE60","DE6","Germany",1,1,1,1,1,1,0,29.5,31.7900009155273,53.5667304992676,10.0301208496094,0,0,0,0,1,1,1,1.29800000316949,8.30000019073486,0.751542270183563,0.198687940835953,0,0,1,0,83.5100021362305,0,8,"Hamburg","4251","5671","7901","10542","8405","24958",34681,40651,47795,58115,62317,63959,"5179","7483","8291","12931","11932","39725",54676,63161,74913,104197,124311,137082,755,"969","1256","1483","1698","1606","1832",1794,1649,1626,1705,1774,1773,"0,029","0,024","0,022","0,025","0,027",0.015,0.012,0.009,0.007,0.003,0.003,"0,002","0,393","0,407","0,376","0,384","0,385",0.395,0.358,0.283,0.229,0.169,0.13,"0,128","0,578","0,569","0,602","0,59","0,588",0.59,0.629,0.708,0.764,0.828,0.867,"0,87"
"33","DE71+DE72","DE7","Germany",1,1,1,0.0526315789473684,0.0526315789473684,0.0526315789473684,0,28.0526315789474,31.7900009155273,50.1814482839484,8.66671968761243,1,0,0,0,1,1,1,1.50236841320165,226.078948171515,1.3140516500724,3.25649089562266,0,0,0,0,76.3099975585938,0,13,"Darmstadt and Giessen","5171","7631","8192","13128","14917","31154",53522,75604,106405,120453,123673,175019,"6299","10068","8596","16104","21176","49586",84380,117470,166778,215968,246706,375119,12826,"1791","2169","2317","2968","3063","3558",4033,4304,4473,4783,4837,5661,"0,311","0,269","0,278","0,25","0,202",0.104,0.045,0.032,0.018,0.009,0.008,"0,005","0,393","0,429","0,425","0,431","0,426",0.482,0.5,0.391,0.342,0.246,0.204,"0,165","0,296","0,302","0,297","0,319","0,373",0.414,0.455,0.576,0.639,0.745,0.789,"0,83"
"34","DE73","DE7","Germany",1,0,0,0.142857142857143,0,0,0,23,31.7900009155273,51.0936758858817,9.50636073521205,0,0,0,0,0,0,0,1.40385711952866,246.657141549246,2.28990939685277,2.44293005125863,0,0,0,0,76.3099975585938,0,6,"Kassel, Regierungsbezirk","1924","2804","2975","4522","3810","7957",12597,16327,21254,22802,24153,24196,"2345","3700","3122","5547","5409","12666",19861,25368,33313,40884,48182,51859,8289,"709","790","867","1111","1261","1256",1349,1401,1188,1269,1225,1208,"0,464","0,462","0,44","0,405","0,343",0.232,0.122,0.085,0.049,0.025,0.019,"0,016","0,305","0,32","0,322","0,333","0,357",0.419,0.452,0.381,0.359,0.297,0.268,"0,271","0,231","0,218","0,238","0,262","0,301",0.349,0.426,0.535,0.592,0.678,0.713,"0,713"
"35","DE80","DE8","Germany",1,1,1,0.222222222222222,0.222222222222222,0.277777777777778,0,26.5,31.7900009155273,53.8333740234375,12.5655313597785,0,1,1,1,1,1,0,1.63961112058635,34.4500000609292,0.289506192008654,0.328584363891019,0,1,1,0,83.25,1,9,"Mecklenburg-Vorpommern","2910","3511","3424","7195","7843","11376",14345,19840,13204,22199,23482,23336,"3545","4632","3593","8826","11134","18107",22616,30827,20696,39801,46843,50016,23194,"1357","1431","1516","1773","2253","2107",2095,2101,1964,1789,1651,1609,"0,472","0,466","0,463","0,396","0,475",0.346,0.249,0.199,0.19,0.034,0.031,"0,031","0,257","0,26","0,24","0,261","0,243",0.382,0.334,0.365,0.338,0.234,0.189,"0,185","0,271","0,274","0,297","0,343","0,282",0.272,0.417,0.436,0.473,0.732,0.78,"0,784"
"36","DE91+DE92","DE9","Germany",1,1,1,0.222222222222222,0.111111111111111,0.0555555555555556,0,22.5611111111111,31.7900009155273,52.1651123894585,10.0184534920586,0,0,0,0,1,1,1,1.50033332819124,189.561112933689,1.73528274562624,1.48011925154262,0,0,1,1,82.9899978637695,0,13,"Statistische Regionen Braunschweig und Hannover","4348","5472","6458","11062","12758","24859",36761,52865,62230,70208,75826,59612,"5297","7220","6776","13569","18112","39567",57957,82138,97538,125880,151258,127767,17148,"1676","1901","1977","2208","3274","3253",3363,3689,3647,3822,3759,3198,"0,343","0,347","0,315","0,258","0,221",0.128,0.07,0.051,0.033,0.017,0.014,"0,022","0,391","0,392","0,406","0,402","0,412",0.474,0.48,0.4,0.352,0.283,0.236,"0,237","0,266","0,261","0,279","0,34","0,367",0.397,0.45,0.549,0.615,0.701,0.75,"0,741"
"37","DE93","DE9","Germany",1,1,1,0.0909090909090909,0.0909090909090909,0.0909090909090909,0,20.3,31.7900009155273,53.1696922995828,9.79724303158846,0,0,0,1,1,1,1,1.26109090744232,36.3454548662359,0.809581883928992,0.560459947044199,0,0,1,0,82.9899978637695,1,7,"Statistische Region Lüneburg","2165","2581","2506","4263","5852","9614",15298,15169,18694,23458,24437,24977,"2638","3405","2630","5229","8307","15301",24119,23569,29300,42059,48748,53533,15495,"808","916","876","1110","1646","1534",1691,1451,1467,1661,1694,1688,"0,541","0,541","0,575","0,503","0,391",0.263,0.148,0.126,0.082,0.043,0.043,"0,042","0,259","0,273","0,243","0,261","0,301",0.388,0.423,0.301,0.271,0.244,0.207,"0,204","0,2","0,186","0,181","0,236","0,308",0.349,0.429,0.574,0.647,0.713,0.75,"0,753"
"38","DE94","DE9","Germany",1,1,0,0.0588235294117647,0.0588235294117647,0,0,21,31.7900009155273,53.0488267786363,7.90258177588968,0,1,0,1,0,1,0,1.20147058581821,19.9882352878066,0.350303253487629,0.416502048425815,0,0,1,0,82.9899978637695,0,7,"Statistische Region Weser-Ems","2373","2653","3377","6285","6814","13184",17367,27383,33897,41103,45673,46618,"2891","3500","3544","7710","9674","20985",27380,42547,53130,73696,91110,99916,14971,"883","1009","1162","1265","1877","1854",2029,2107,2170,2416,2476,2476,"0,517","0,52","0,508","0,432","0,373",0.257,0.144,0.109,0.075,0.039,0.038,"0,037","0,261","0,268","0,239","0,249","0,317",0.382,0.415,0.359,0.324,0.282,0.256,"0,251","0,222","0,212","0,252","0,319","0,311",0.361,0.441,0.532,0.6,0.68,0.707,"0,712"
"39","DEA1","DEA","Germany",0,0,1,0,0,0.133333333333333,0,23.1,31.7900009155273,51.3391367594401,6.77312278747559,0,1,0,0,0,1,1,1.62766667642916,104.339999516805,0.486266326904297,1.92579699357351,0.46777974764506,0,0,1,78.1399993896484,0,0,"Düsseldorf, Regierungsbezirk","8187","13703","16725","23411","20618","51711",77309,85816,93704,109704,119989,119385,"9974","18081","17549","28718","29271","82306",121882,133337,146870,196695,239356,255879,5291,"2518","3419","3866","4083","4302","5376",5626,5209,5168,5264,5173,5139,"0,127","0,101","0,078","0,064","0,061",0.03,0.02,0.013,0.012,0.008,0.008,"0,008","0,613","0,632","0,61","0,587","0,583",0.583,0.553,0.445,0.375,0.264,0.212,"0,209","0,26","0,267","0,312","0,349","0,356",0.386,0.427,0.541,0.613,0.728,0.78,"0,783"
"40","DEA2","DEA","Germany",1,1,1,0.166666666666667,0.0833333333333333,0.0833333333333333,0,27.5,31.7900009155273,50.8593031565348,6.78393097718557,0,1,1,0,1,1,1,1.54099997932353,168.966668446859,0.564216360760232,2.15730868776639,0,0,1,1,78.1399993896484,1,13,"Köln, Regierungsbezirk","5332","7710","8982","12009","11126","27285",42572,60486,70412,90342,97155,100891,"6496","10172","9424","14731","15795","43428",67117,93981,110363,161979,193807,216241,7365,"1558","1869","2123","2242","2443","3063",3429,3914,3963,4264,4383,4388,"0,253","0,217","0,183","0,151","0,136",0.063,0.031,0.018,0.015,0.008,0.007,"0,006","0,457","0,489","0,47","0,461","0,488",0.508,0.484,0.399,0.339,0.239,0.189,"0,186","0,29","0,294","0,347","0,388","0,377",0.428,0.485,0.583,0.647,0.754,0.804,"0,808"
"41","DEA3","DEA","Germany",1,1,0,0.125,0.125,0,0,21.4,31.7900009155273,51.8392271995545,7.31764763593674,0,1,0,0,1,1,0,1.32750001309316,59.0125007629395,0.487748082377948,1.44732029736042,0,0,1,1,78.1399993896484,0,8,"Münster, Regierungsbezirk","2373","3956","5367","7816","8460","16620",23587,30832,36561,42599,48356,47425,"2891","5219","5632","9588","12010","26453",37187,47905,57305,76379,96461,101646,6911,"729","1019","1492","1598","1910","2259",2402,2412,2438,2609,2598,2596,"0,352","0,293","0,24","0,222","0,181",0.107,0.063,0.045,0.036,0.019,0.017,"0,016","0,443","0,521","0,525","0,499","0,536",0.558,0.528,0.444,0.384,0.289,0.241,"0,239","0,205","0,187","0,235","0,278","0,282",0.336,0.409,0.511,0.58,0.691,0.741,"0,745"
"42","DEA4","DEA","Germany",1,1,1,0.285714285714286,0.285714285714286,0.285714285714286,0,20.7,31.7900009155273,51.9688415527344,8.74054118565151,0,0,0,0,0,1,1,1.60928572322169,125.057144165039,1.49966471535819,1.52042777197702,0,0,1,0,78.1399993896484,1,7,"Detmold, Regierungsbezirk","2122","2803","3832","5557","7083","12023",19415,24719,30494,39244,41367,42026,"2585","3698","4021","6817","10055","19136",30610,38408,47796,70363,82520,90074,6523,"760","879","970","1152","1500","1606",1737,1814,1850,2049,2043,2042,"0,411","0,4","0,348","0,324","0,223",0.147,0.072,0.05,0.037,0.014,0.012,"0,011","0,368","0,396","0,439","0,421","0,462",0.527,0.539,0.47,0.429,0.344,0.288,"0,286","0,221","0,204","0,213","0,255","0,315",0.327,0.389,0.48,0.534,0.642,0.7,"0,703"
"43","DEA5","DEA","Germany",1,1,1,0.166666666666667,0.166666666666667,0.166666666666667,0,20.1,31.7900009155273,51.3822682698568,7.72043498357137,0,0,0,0,1,1,1,1.38325001270345,224.074997901916,1.0628278652827,1.92924536267917,0,0,0,1,78.1399993896484,1,8,"Arnsberg, Regierungsbezirk","5097","7922","9672","13103","13442","29264",43149,52306,58997,64439,68936,68149,"6209","10453","10149","16073","19082","46578",68027,81271,92472,115536,137516,146064,8008,"1721","2368","2513","3403","3042","3598",3721,3691,3685,3814,3676,3579,"0,151","0,132","0,117","0,107","0,093",0.053,0.025,0.02,0.016,0.007,0.007,"0,006","0,632","0,645","0,611","0,573","0,59",0.604,0.58,0.495,0.431,0.337,0.279,"0,275","0,217","0,223","0,272","0,32","0,317",0.344,0.395,0.485,0.553,0.656,0.714,"0,719"
"44","DEB1","DEB","Germany",0,0,0,0,0,0,0,19.6,31.7900009155273,50.2691424976696,7.50014595551924,1,0,0,0,0,0,0,1.21899999661035,312.454541986639,0.964634310115466,2.9368015202609,0.814672914418307,0,0,0,80.5800018310547,1,0,"Statistische Region Koblenz","2712","3837","3757","4961","4714","7564",12724,16446,19716,24951,26887,27229,"3304","5063","3942","6085","6692","12040",20061,25553,30903,44736,53635,58360,8073,"883","974","1006","1062","1140","1268",1354,1363,1377,1516,1491,1486,"0,481","0,487","0,469","0,417","0,373",0.222,0.098,0.065,0.044,0.019,0.016,"0,014","0,3","0,308","0,306","0,312","0,335",0.406,0.439,0.376,0.341,0.295,0.265,"0,268","0,218","0,206","0,224","0,271","0,293",0.372,0.464,0.559,0.615,0.687,0.72,"0,718"
"45","DEB2","DEB","Germany",0,0,0,0,0,0,0,25.7,31.7900009155273,49.9390785217285,6.69565687179565,1,1,0,0,1,0,0,1.22180000834998,361.059997558594,0.267647802829742,2.54572749137878,0.77951009273529,0,1,0,80.5800018310547,0,0,"Statistische Region Trier","987","1221","1452","1896","1689","2264",4165,5731,6878,7866,8664,8784,"1203","1612","1524","2326","2398","3603",6566,8904,10781,14103,17283,18826,4924,"352","388","417","440","429","459",482,471,478,512,514,525,"0,649","0,682","0,643","0,586","0,553",0.384,0.223,0.141,0.095,0.046,0.034,"0,03","0,197","0,193","0,17","0,182","0,209",0.282,0.343,0.318,0.301,0.282,0.261,"0,263","0,154","0,125","0,187","0,232","0,238",0.334,0.434,0.541,0.604,0.672,0.706,"0,707"
"46","DEB3","DEB","Germany",0,0,0,0,0,0,0,25.3,31.7900009155273,49.4526330947876,8.02260317802429,0,1,1,0,1,1,1,1.63189999541502,230.369996643066,0.421920705586672,3.78404855728149,0.727006298303604,0,1,0,80.5800018310547,1,0,"Statistische Region Rheinhessen-Pfalz","2785","4155","5013","7481","6193","11201",21867,27173,31333,36445,39408,41221,"3393","5482","5261","9177","8791","17828",34475,42220,49110,65344,78613,88349,6851,"1060","1197","1316","1434","1436","1690",1809,1805,1847,2003,2008,2025,"0,379","0,373","0,34","0,297","0,298",0.17,0.085,0.061,0.044,0.027,0.025,"0,024","0,373","0,389","0,423","0,42","0,414",0.479,0.507,0.432,0.386,0.301,0.256,"0,251","0,248","0,238","0,237","0,283","0,288",0.351,0.408,0.507,0.571,0.672,0.718,"0,725"
"47","DEC0","DEC","Germany",0,0,0,0,0,0,0,19.7,31.7900009155273,49.37424659729,6.96450551350911,0,1,0,0,0,0,0,1.4633333582101,274.566670735677,0.157424807858964,3.05937242507934,0.451576987902323,0,0,1,85.4800033569336,0,0,"Saarland","1590","2613","3031","3997","3503","7691",11021,14048,16419,18954,20163,20503,"1937","3447","3180","4903","4973","12241",17375,21827,25735,33983,40221,43944,2569,"543","710","805","824","955","1073",1120,1068,1065,1072,1023,995,"0,229","0,197","0,134","0,145","0,15",0.084,0.024,0.022,0.013,0.006,0.005,"0,005","0,561","0,577","0,591","0,524","0,554",0.542,0.517,0.449,0.39,0.319,0.279,"0,276","0,21","0,227","0,275","0,331","0,296",0.374,0.46,0.529,0.598,0.676,0.716,"0,719"
"48","DED2","DED","Germany",1,1,1,0.0909090909090909,0.0909090909090909,0.181818181818182,0,33.8,31.7900009155273,51.1596027721058,14.1522254076871,0,1,0,0,1,0,0,1.37981818371971,208.809089660644,0.249204933643341,2.79446619207209,0,1,0,1,86.4400024414062,1,7,"Dresden, NUTS 2-Region","4369","5987","8082","12081","5870","11462",15277,19722,13175,22006,24591,26068,"5323","7899","8481","14819","8334","18243",24085,30643,20651,39456,49055,55873,7931,"1502","1778","1831","1902","1981","1885",1873,1806,1765,1725,1631,1602,"0,108","0,077","0,085","0,075","0,178",0.116,0.095,0.078,0.074,0.021,0.016,"0,015","0,7","0,723","0,706","0,675","0,506",0.656,0.571,0.572,0.539,0.296,0.255,"0,256","0,192","0,2","0,209","0,25","0,316",0.227,0.335,0.35,0.387,0.683,0.729,"0,73"
"49","DED4","DED","Germany",1,0,0,0.0833333333333333,0,0,0,29.7,31.7900009155273,50.690175374349,12.7252295811971,1,1,0,0,1,0,0,1.37516666132261,441.75,0.240381562771897,3.38822573423386,0,1,0,0,86.4400024414062,1,6,"Chemnitz, NUTS 2-Region","5574","6984","8765","11928","7573","12848",17554,21900,10679,20596,22198,22131,"6791","9215","9197","14631","10751","20450",27675,34027,16739,36928,44282,47434,6524,"1830","2106","2163","2259","2334","2112",2048,1930,1779,1639,1540,1472,"0,231","0,201","0,199","0,148","0,099",0.083,0.066,0.058,0.051,0.023,0.017,"0,015","0,493","0,506","0,524","0,522","0,668",0.732,0.642,0.629,0.595,0.348,0.315,"0,317","0,276","0,293","0,277","0,331","0,233",0.184,0.292,0.313,0.354,0.629,0.668,"0,667"
"50","DED5","DED","Germany",1,0,1,0.166666666666667,0,0.333333333333333,0,33.9,31.7900009155273,51.3108717600504,12.6720434824626,0,0,1,0,1,0,0,1.79250000894866,139.733336130778,0.852910945812862,2.80232151349386,0,1,0,1,86.4400024414062,0,6,"Leipzig, NUTS 2-Region","3099","4273","5549","8033","4677","9098",12319,14910,8741,13860,15783,17742,"3775","5638","5822","9854","6640","14480",19422,23166,13701,24850,31485,38026,3965,"1022","1230","1307","1358","1652","1519",1491,1412,1249,1096,997,1005,"0,169","0,126","0,124","0,107","0,159",0.123,0.093,0.084,0.082,0.016,0.014,"0,011","0,507","0,545","0,543","0,51","0,517",0.635,0.554,0.544,0.503,0.252,0.201,"0,192","0,324","0,329","0,332","0,383","0,325",0.242,0.353,0.372,0.415,0.732,0.785,"0,797"
"51","DEE0","DEE","Germany",1,1,1,0.0714285714285714,0.0714285714285714,0.285714285714286,0,24.6,31.7900009155273,51.9096878596715,11.7566148212978,0,0,0,0,1,1,0,1.66635715243313,104.678570883615,1.4441385098866,2.04841737236295,0,1,1,1,81.4300003051758,1,12,"Sachsen-Anhalt","6427","7708","9334","17078","10734","19287",25238,33049,19449,32040,34319,32905,"7829","10171","9794","20949","15238","30699",39789,51350,30484,57447,68461,70525,20450,"2672","2924","3058","3340","3641","3347",3243,3101,2965,2649,2356,2249,"0,372","0,364","0,331","0,279","0,266",0.199,0.145,0.118,0.118,0.026,0.022,"0,021","0,381","0,394","0,413","0,425","0,437",0.578,0.514,0.52,0.484,0.288,0.254,"0,251","0,247","0,242","0,255","0,296","0,297",0.223,0.341,0.362,0.398,0.687,0.724,"0,727"
"52","DEF0","DEF","Germany",1,1,1,0.0666666666666667,0.0666666666666667,0.2,0,22.8,31.7900009155273,54.1326049804687,9.94921398162842,0,1,0,1,1,1,1,1.45446665925237,21.0599999109904,0.261805284892519,0.201992940918232,0,0,1,0,90.3000030517578,1,8,"Schleswig-Holstein","3402","4146","4389","7229","8752","15155",23696,33681,40232,47922,49131,50109,"4145","5471","4606","8868","12425","24121",37359,52332,63059,85922,98008,107399,15800,"1210","1388","1470","1539","2595","2317",2494,2605,2595,2777,2832,2848,"0,355","0,332","0,333","0,293","0,254",0.161,0.094,0.072,0.047,0.027,0.027,"0,028","0,308","0,324","0,323","0,318","0,351",0.393,0.372,0.302,0.269,0.227,0.195,"0,196","0,337","0,344","0,344","0,389","0,395",0.447,0.534,0.626,0.683,0.747,0.778,"0,776"
"53","DEG0","DEG","Germany",1,1,1,0.0434782608695652,0.0434782608695652,0.130434782608696,0,27.9,31.7900009155273,50.9007571676503,11.1068340384442,1,0,1,0,1,1,1,1.52265216925439,323.378258083178,1.2296887351119,2.88586597857268,0,1,0,0,91.6699981689453,1,10,"Thüringen","4417","6145","7277","12298","8756","15705",20454,27977,16978,29406,31642,33252,"5381","8108","7636","15085","12430","24997",32247,43469,26611,52723,63120,71269,16173,"1881","2116","1905","2034","2693","2520",2547,2529,2684,2449,2250,2170,"0,329","0,303","0,297","0,249","0,272",0.188,0.132,0.102,0.098,0.026,0.02,"0,022","0,458","0,487","0,485","0,488","0,456",0.605,0.546,0.56,0.522,0.318,0.294,"0,293","0,214","0,21","0,218","0,263","0,271",0.206,0.322,0.338,0.38,0.657,0.686,"0,685"
"54","FR10","FR1","France",1,1,1,0.125,0.125,0.125,1,39.7,62.3699989318848,48.7961931228638,2.33265197277069,0,0,1,0,1,0,0,1.72150001022028,80.6624999046326,1.51220418512821,1.54775685071945,0,0,0,1,73.5,1,6,"Île de France","26210","27297","42120","49209","63954","100635",164171,220313,293506,362145,419249,444883,"37234","40463","53301","62044","85228","139425",243984,334114,394163,543036,700231,791723,12012,"4608","5265","6072","6925","7317","8470",9879,10073,10661,11031,11853,12092,"0,079","0,067","0,044","0,028","0,03",0.019,0.012,0.007,0.004,0.004,0.002,"0,002","0,467","0,526","0,493","0,403","0,456",0.432,0.397,0.322,0.261,0.17,0.14,"0,12","0,454","0,406","0,463","0,569","0,515",0.549,0.591,0.671,0.735,0.826,0.858,"0,878"
"55","FR21","FR2","France",1,0,0,0.5,0,0,0,19.6,62.3699989318848,48.7780752182007,4.57741665840149,0,1,0,0,1,0,0,1.87100002241671,192.074998855591,1.04645131155849,2.30004477500916,0,0,1,0,65.629997253418,0,13,"Champagne-Ardenne","4041","3721","4531","5243","5106","8085",14146,20532,22544,26229,24522,24886,"5741","5516","5734","6611","6805","11201",21023,31138,30276,39330,40957,44288,25606,"1233","1213","1097","1136","1133","1206",1337,1346,1348,1342,1336,1340,"0,401","0,382","0,334","0,261","0,291",0.215,0.15,0.112,0.094,0.072,0.063,"0,086","0,38","0,43","0,419","0,368","0,383",0.417,0.437,0.396,0.342,0.275,0.246,"0,217","0,219","0,187","0,247","0,371","0,326",0.368,0.413,0.492,0.564,0.653,0.692,"0,697"
"56","FR22","FR2","France",0,0,0,0,0,0,0,21.6,62.3699989318848,49.6116358439128,2.77525242169698,0,1,0,1,1,0,0,1.97099999940263,94.9666646321614,0.821631888548533,1.10058285792668,0.818377176920574,0,0,0,71.8499984741211,0,0,"Picardie","4466","4023","4857","5947","5910","9823",18231,23294,27901,31865,31200,31936,"6345","5964","6146","7498","7875","13609",27094,35326,37470,47781,52111,56834,19399,"1480","1462","1300","1371","1386","1481",1679,1740,1811,1863,1918,1934,"0,368","0,396","0,309","0,284","0,32",0.224,0.145,0.096,0.066,0.046,0.034,"0,04","0,408","0,388","0,446","0,357","0,365",0.418,0.452,0.42,0.363,0.286,0.246,"0,215","0,225","0,216","0,243","0,36","0,314",0.359,0.403,0.484,0.571,0.668,0.72,"0,745"
"57","FR23","FR2","France",1,0,0,0.5,0,0,0,19.3,62.3699989318848,49.3686084747314,0.988852798938751,0,1,0,1,1,0,0,1.97300001071151,147.200004577637,0.520467966794968,0.382295534014702,0,0,1,0,64.2900009155273,0,6,"Haute-Normandie","4481","5130","4968","5616","5976","9712",17868,26527,28971,33902,34094,35477,"6366","7604","6287","7081","7963","13455",26555,40229,38906,50836,56944,63136,12318,"1184","1200","1195","1234","1274","1398",1596,1655,1737,1785,1839,1861,"0,309","0,238","0,253","0,23","0,258",0.178,0.113,0.069,0.046,0.029,0.021,"0,021","0,431","0,566","0,452","0,364","0,365",0.402,0.428,0.408,0.359,0.289,0.259,"0,23","0,261","0,196","0,295","0,405","0,377",0.42,0.458,0.523,0.596,0.682,0.72,"0,749"
"58","FR24","FR2","France",1,0,0,0.333333333333333,0,0,0,24,62.3699989318848,47.5135040283203,1.63028905789057,0,0,1,0,1,0,0,1.52250000382628,131.600002288819,2.29663397868474,2.18811500072479,0,0,1,0,74.9499969482422,0,6,"Centre","4961","4856","6092","6519","7501","11456",22715,30923,39862,46277,45660,47027,"7048","7199","7710","8220","9996","15871",33758,46896,53532,69392,76262,83691,39151,"1895","1876","1726","1731","1758","1858",2153,2264,2371,2451,2557,2584,"0,565","0,543","0,54","0,44","0,46",0.313,0.191,0.116,0.073,0.049,0.035,"0,038","0,251","0,29","0,25","0,269","0,255",0.332,0.392,0.379,0.348,0.279,0.248,"0,214","0,185","0,165","0,212","0,291","0,285",0.355,0.417,0.505,0.58,0.672,0.717,"0,748"
"59","FR25","FR2","France",0,0,0,0,0,0,0,25.2,62.3699989318848,48.919620513916,-0.546847637742759,0,1,1,1,1,0,0,1.84099998893592,148.433334350586,0.397416656215986,0.354549090067546,1.2559380531311,0,0,0,72.5299987792969,0,0,"Basse-Normandie","3229","3089","3696","4231","4925","7802",13473,16667,20759,24190,24495,26005,"4587","4579","4677","5334","6563","10809",20022,25277,27879,36273,40911,46280,17589,"1236","1185","1094","1129","1165","1208",1306,1351,1391,1427,1476,1480,"0,56","0,537","0,544","0,481","0,502",0.403,0.297,0.192,0.121,0.074,0.053,"0,052","0,24","0,276","0,237","0,255","0,226",0.269,0.313,0.328,0.306,0.264,0.247,"0,216","0,198","0,187","0,22","0,264","0,272",0.328,0.39,0.48,0.573,0.663,0.7,"0,732"
"60","FR26","FR2","France",1,0,0,0.25,0,0,0,23.9,62.3699989318848,47.274079322815,4.11716669797897,0,0,0,0,1,0,0,1.85650000008375,324.449989318848,1.96541604399681,3.34175896644592,0,0,1,0,72.1500015258789,0,6,"Bourgogne","4127","4026","5107","5226","6711","10589",16146,21175,25925,29269,28879,30487,"5863","5968","6463","6589","8944","14670",23995,32113,34815,43888,48234,54255,31582,"1629","1564","1413","1393","1375","1439",1571,1596,1610,1613,1643,1643,"0,563","0,545","0,514","0,373","0,422",0.293,0.185,0.119,0.084,0.062,0.051,"0,049","0,255","0,288","0,284","0,3","0,28",0.343,0.388,0.37,0.324,0.268,0.236,"0,199","0,182","0,166","0,201","0,326","0,298",0.364,0.427,0.51,0.592,0.67,0.713,"0,752"
"61","FR30","FR3","France",0,0,0,0,0,0,0,24.6,62.3699989318848,50.5211906433105,2.7604867219925,0,1,0,1,1,0,1,1.63499999951762,98.1499977111815,0.263838499784469,0.622115731239319,0.878638386726381,0,0,1,73.4400024414062,0,0,"Nord - Pas-de-Calais","8869","8683","11243","14842","15164","23889",38212,49534,55914,65407,69442,73573,"12600","12870","14228","18713","20208","33097",56788,75121,75090,98077,115983,130933,12414,"2800","3010","2953","3287","3376","3660",3914,3933,3965,4001,4042,4089,"0,225","0,188","0,169","0,114","0,148",0.109,0.075,0.052,0.037,0.024,0.017,"0,018","0,556","0,611","0,619","0,576","0,558",0.536,0.503,0.433,0.331,0.257,0.219,"0,186","0,22","0,201","0,212","0,309","0,294",0.355,0.422,0.515,0.632,0.719,0.764,"0,796"
"62","FR41","FR4","France",1,1,0,0.25,0.25,0,0,21.7,62.3699989318848,48.7883911132812,6.10504007339478,0,1,0,0,1,0,1,1.85600001039503,303.67499923706,0.523006498813629,2.86865431070328,0,0,0,0,66.9000015258789,0,7,"Lorraine","5303","6621","7205","8079","9132","15608",24955,30857,34906,39622,38450,39320,"7534","9814","9118","10186","12169","21624",37088,46796,46877,59414,64220,69975,23547,"2337","2587","1760","1908","1956","2194",2331,2320,2306,2314,2351,2340,"0,336","0,293","0,248","0,158","0,075",0.17,0.299,0.292,0.29,0.205,0.032,"0,028","0,416","0,524","0,492","0,499","0,491",0.434,0.362,0.357,0.345,0.34,0.26,"0,213","0,249","0,183","0,259","0,343","0,434",0.396,0.339,0.352,0.366,0.454,0.709,"0,758"
"63","FR42","FR4","France",1,1,0,0.5,0.5,0,0,29.4,62.3699989318848,48.2326450347901,7.4090530872345,0,1,0,0,1,0,1,1.66100001063751,214.050003051758,0.261883400380611,3.88456118106842,0,0,0,0,71.9300003051758,0,8,"Alsace","3201","4109","4918","5950","6087","9216",16629,24055,30092,36165,36043,38546,"4548","6091","6224","7502","8112","12768",24714,36480,40413,54229,60199,68596,8280,"1141","1218","1154","1210","1218","1318",1517,1566,1624,1745,1852,1880,"0,387","0,373","0,319","0,197","0,249",0.163,0.09,0.046,0.029,0.021,0.016,"0,018","0,366","0,375","0,428","0,452","0,449",0.456,0.45,0.421,0.368,0.299,0.263,"0,223","0,247","0,254","0,254","0,35","0,301",0.381,0.461,0.534,0.603,0.68,0.721,"0,76"
"64","FR43","FR4","France",0,0,0,0,0,0,0,23.4,62.3699989318848,47.2793645858765,6.28874564170838,0,1,1,0,1,0,1,1.81275000391148,491.400001525879,0.372963663190603,3.59366703033447,1.44263368844986,0,1,0,72.3600006103516,0,0,"Franche-Comté","2241","2877","3307","2930","4111","6807",10749,14064,17162,20390,19741,20093,"3184","4265","4185","3694","5478","9431",15974,21328,23048,30575,32971,35757,16202,"925","913","844","855","856","929",1060,1084,1097,1122,1173,1180,"0,54","0,487","0,45","0,355","0,351",0.229,0.134,0.086,0.058,0.04,0.031,"0,029","0,291","0,353","0,358","0,393","0,399",0.466,0.507,0.463,0.405,0.325,0.283,"0,237","0,169","0,158","0,194","0,252","0,25",0.305,0.359,0.451,0.537,0.635,0.686,"0,734"
"65","FR51","FR5","France",0,0,0,0,0,0,0,26.5,62.3699989318848,47.5180526733398,-0.811498737335206,0,0,1,1,1,0,0,1.72080000077872,79.3400001525879,0.803288084268569,0.772936952114106,1.11561772823334,0,0,0,69.3600006103516,0,0,"Pays de la Loire","5855","6239","7750","7594","9513","14399",27277,38160,46791,61277,67209,73692,"8318","9249","9808","9574","12677","19949",40538,57871,62838,91884,112253,131144,32082,"2346","2335","2168","2217","2320","2462",2767,2930,3059,3255,3601,3720,"0,597","0,569","0,564","0,465","0,487",0.372,0.256,0.158,0.103,0.064,0.046,"0,052","0,236","0,27","0,248","0,276","0,241",0.301,0.356,0.359,0.329,0.28,0.254,"0,23","0,167","0,16","0,188","0,258","0,271",0.327,0.387,0.482,0.568,0.655,0.7,"0,718"
"66","FR52","FR5","France",1,0,1,0.25,0,0.25,0,28.1,62.3699989318848,48.1753330230713,-2.85408344864845,0,1,0,1,1,0,0,1.54800002283881,106.650001525879,0.222218414768577,0.178204928990454,0,0,0,0,84.3000030517578,0,6,"Bretagne","4540","4370","6056","6650","8709","12306",24269,33644,40515,52651,55748,61787,"6449","6477","7663","8385","11605","17049",36067,51022,54409,78949,93110,109958,27209,"2549","2597","2408","2367","2339","2397",2595,2708,2796,2933,3218,3296,"0,654","0,643","0,649","0,544","0,571",0.448,0.316,0.193,0.121,0.072,0.051,"0,049","0,181","0,217","0,181","0,215","0,189",0.236,0.279,0.286,0.267,0.241,0.223,"0,198","0,164","0,139","0,17","0,242","0,241",0.316,0.405,0.521,0.612,0.688,0.726,"0,753"
"67","FR53","FR5","France",0,0,0,0,0,0,0,21,62.3699989318848,46.136887550354,-0.0409786254167557,0,0,1,1,1,0,0,1.79850001986644,96.3250012397767,0.96027620881796,0.955476298928262,0.950645178556441,0,0,0,78.3199996948242,0,0,"Poitou-Charentes","3810","4804","4711","4505","4291","5894",14203,18913,23340,29000,30281,32821,"5413","7121","5962","5680","5718","8167",21107,28682,31345,43486,50575,58409,25809,"1487","1469","1345","1357","1393","1450",1528,1568,1595,1652,1778,1805,"0,596","0,528","0,637","0,46","0,516",0.393,0.27,0.174,0.118,0.075,0.055,"0,054","0,238","0,344","0,189","0,256","0,21",0.266,0.319,0.32,0.286,0.243,0.223,"0,194","0,167","0,127","0,174","0,282","0,274",0.34,0.41,0.506,0.596,0.683,0.722,"0,752"
"68","FR61","FR6","France",1,1,0,0.4,0.2,0,0,27.2,62.3699989318848,44.3184814453125,-0.174798053503036,0,1,1,1,1,0,0,1.62699997834987,152.759998321533,0.825137543678284,0.827200704813004,0,0,1,0,79.4400024414062,0,6,"Aquitaine","6081","6583","7711","8161","9756","14302",25181,37099,44223,54882,60623,65009,"8639","9758","9758","10289","13001","19815",37424,56262,59388,82295,101252,115691,41309,"2272","2258","2139","2180","2209","2312",2550,2657,2796,2938,3254,3373,"0,599","0,582","0,573","0,409","0,493",0.351,0.228,0.147,0.105,0.073,0.052,"0,062","0,222","0,257","0,231","0,265","0,218",0.278,0.321,0.302,0.26,0.21,0.198,"0,184","0,179","0,162","0,196","0,326","0,289",0.37,0.451,0.551,0.635,0.716,0.75,"0,755"
"69","FR62","FR6","France",1,0,0,0.125,0,0,0,34.6,62.3699989318848,43.737624168396,1.40152044594288,1,1,1,0,1,0,0,1.83525003872783,401.462490081787,0.964153975248338,1.66086371243,0,0,1,0,70.1800003051758,0,6,"Midi-Pyrénées","4932","5516","6472","6770","7762","12104",20665,28355,38354,47591,53560,59534,"7007","8177","8190","8536","10344","16770",30711,43002,51507,71363,89456,105947,45348,"2269","2152","1943","1955","1975","2061",2268,2325,2431,2582,2903,3005,"0,615","0,569","0,63","0,452","0,526",0.383,0.252,0.164,0.106,0.065,0.042,"0,04","0,227","0,295","0,208","0,282","0,24",0.293,0.326,0.3,0.267,0.22,0.208,"0,184","0,157","0,135","0,162","0,265","0,234",0.324,0.423,0.536,0.627,0.715,0.75,"0,776"
"70","FR63","FR6","France",1,1,0,0.333333333333333,0.333333333333333,0,0,26,62.3699989318848,45.7736892700195,1.71339321136475,0,0,0,0,1,0,0,1.60199996754016,483.800018310547,2.46373510360718,2.44696307182312,0,0,0,0,77.4199981689453,0,10,"Limousin","2055","2460","2755","2535","2775","4091",7377,8440,10770,12096,11848,12264,"2920","3646","3487","3196","3699","5667",10963,12799,14464,18139,19788,21826,16942,"973","962","834","782","740","734",739,737,723,714,741,737,"0,666","0,658","0,682","0,516","0,567",0.436,0.301,0.191,0.122,0.077,0.057,"0,048","0,21","0,224","0,189","0,256","0,215",0.269,0.317,0.319,0.281,0.24,0.211,"0,173","0,126","0,116","0,129","0,228","0,218",0.295,0.382,0.49,0.596,0.683,0.733,"0,779"
"71","FR71","FR7","France",1,1,0,0.125,0.125,0,0,28.5,62.3699989318848,45.5092282295227,5.29606103897095,1,1,0,0,1,0,0,1.5408750017521,844.024991989136,0.973464539274573,2.04161870479584,0,0,0,0,79,0,6,"Rhône-Alpes","10094","10604","14713","16008","19516","32597",52400,73291,98965,121721,132636,144027,"14340","15718","18618","20183","26007","45161",77874,111148,132904,182521,221529,256314,43698,"3578","3580","3533","3646","3630","4019",4781,5016,5351,5701,6284,6522,"0,458","0,434","0,397","0,268","0,306",0.19,0.108,0.065,0.04,0.027,0.019,"0,02","0,355","0,384","0,393","0,44","0,409",0.455,0.468,0.412,0.353,0.279,0.245,"0,213","0,187","0,183","0,21","0,292","0,285",0.355,0.424,0.524,0.607,0.694,0.736,"0,767"
"72","FR72","FR7","France",0,0,0,0,0,0,0,28.3,62.3699989318848,45.5685939788818,3.20798045396805,1,0,0,0,0,0,0,1.39750000543848,651.925010681152,2.14709928631782,2.18654012680054,1.439956843853,0,0,1,73.8499984741211,0,0,"Auvergne","3366","3256","4350","4707","5396","8197",12765,15540,20376,22743,22856,24600,"4782","4826","5505","5935","7191","11357",18970,23567,27363,34104,38174,43778,26013,"1511","1464","1326","1292","1247","1273",1330,1333,1321,1313,1351,1364,"0,628","0,598","0,605","0,435","0,481",0.354,0.237,0.155,0.106,0.072,0.055,"0,05","0,227","0,261","0,233","0,319","0,264",0.324,0.37,0.363,0.316,0.27,0.243,"0,209","0,145","0,142","0,161","0,245","0,255",0.323,0.393,0.482,0.577,0.658,0.702,"0,741"
"73","FR81","FR8","France",1,1,0,0.6,0.4,0,0,26,62.3699989318848,43.5550888061523,3.16499371528625,1,1,1,1,1,0,0,1.6145999838927,413.340002441406,0.519488433003425,0.59774131178856,0,0,0,0,73.2799987792969,0,10,"Languedoc-Roussillon","3969","4000","5260","6141","5287","8078",16191,22687,30265,37961,43434,45952,"5639","5930","6656","7743","7046","11191",24062,34406,40644,56923,72544,81777,27376,"1535","1531","1522","1518","1449","1555",1789,1927,2115,2327,2670,2779,"0,513","0,514","0,526","0,355","0,435",0.316,0.214,0.138,0.088,0.059,0.041,"0,044","0,262","0,287","0,25","0,292","0,246",0.28,0.295,0.265,0.22,0.173,0.166,"0,144","0,225","0,197","0,224","0,353","0,319",0.403,0.491,0.598,0.692,0.768,0.793,"0,812"
"74","FR82","FR8","France",1,1,1,0.333333333333333,0.333333333333333,0.333333333333333,0,26.8,62.3699989318848,43.9491380055745,6.08874567349752,1,1,1,1,1,0,0,1.65316666012243,669.133333841959,0.430209944645564,0.59332467863957,0,0,1,0,66.2799987792969,0,12,"Provence-Alpes-Côte d'Azur","5607","6436","10728","10537","12276","17940",33110,56944,71847,88579,99087,103010,"7966","9540","13576","13285","16360","24855",49206,86359,96486,132825,165495,183318,31400,"1774","1928","2098","2399","2415","2819",3676,3965,4258,4542,4916,5007,"0,354","0,323","0,227","0,24","0,211",0.139,0.088,0.057,0.038,0.028,0.018,"0,016","0,313","0,391","0,299","0,378","0,313",0.334,0.336,0.283,0.23,0.172,0.165,"0,144","0,333","0,284","0,474","0,382","0,476",0.527,0.576,0.661,0.732,0.8,0.817,"0,839"
"75","ITC1","ITC","Italy",0,0,0,0,0,0,0,13.7,81.7966995239258,45.2624607086182,8.14168763160705,1,1,0,1,1,0,0,1.57649998906866,316.087497711182,0.390733301639557,1.05259738489986,1.00788101553917,0,0,0,58.0699996948242,0,0,"Piemonte","6982","9250","12705","16251","18276","31049",55160,71149,82068,93493,89455,84400,"8284","10284","11412","14220","19321","36639",71330,109958,125723,163414,166851,163208,25387,"3244","3354","3311","3417","3545","3907",4401,4469,4316,4234,4452,4420,"0,612","0,555","0,488","0,421","0,356",0.281,0.141,0.106,0.064,0.04,0.054,"0,023","0,226","0,273","0,299","0,349","0,387",0.425,0.513,0.446,0.385,0.349,0.272,"0,27","0,162","0,172","0,213","0,23","0,257",0.295,0.346,0.448,0.551,0.611,0.674,"0,707"
"76","ITC2","ITC","Italy",0,0,0,0,0,0,0,10.8,81.7966995239258,45.7272415161133,7.37017154693604,1,1,0,0,0,0,0,1.00899999995981,635.200012207031,0.16975162923336,1.79950535297394,1.77282094955444,0,0,0,75.7799987792969,0,0,"Valle dAosta/Vallée dAoste","173","240","339","407","531","1025",1622,2041,2647,2742,3215,2899,"205","266","304","357","562","1209",2097,3155,4056,4792,5996,5605,3261,"80","78","79","82","96","102",110,112,116,119,128,128,"0,768","0,72","0,638","0,586","0,567",0.392,0.237,0.125,0.099,0.052,0.044,"0,035","0,091","0,121","0,184","0,243","0,264",0.33,0.321,0.307,0.258,0.221,0.235,"0,184","0,141","0,158","0,178","0,172","0,169",0.278,0.442,0.568,0.643,0.726,0.721,"0,781"
"77","ITC3","ITC","Italy",1,1,1,0.25,0.25,1,0,18.7,81.7966995239258,44.2191982269287,8.74519634246826,0,1,0,1,1,0,0,1.58250000207298,461.525001525879,0.104744674637913,0.099974486976862,0,0,1,0,49.6100006103516,0,10,"Liguria","2889","4511","5660","8450","8914","13275",19337,24704,28769,32486,31611,31585,"3428","5015","5084","7394","9424","15665",25006,38178,44073,56782,58960,61077,5416,"1078","1200","1329","1470","1574","1739",1857,1826,1696,1591,1616,1582,"0,425","0,358","0,298","0,253","0,264",0.205,0.119,0.076,0.039,0.032,0.034,"0,019","0,262","0,317","0,31","0,355","0,297",0.316,0.327,0.275,0.232,0.214,0.194,"0,165","0,313","0,325","0,392","0,392","0,439",0.479,0.554,0.649,0.729,0.754,0.772,"0,816"
"78","ITC4","ITC","Italy",1,1,0,0.272727272727273,0.0909090909090909,0,0,15.5,81.7966995239258,45.6121697859331,9.65024150501598,1,1,1,0,1,0,0,1.80163633923067,626.636365023527,0.506801897151904,1.37531448494304,0,0,1,0,46.7599983215332,1,7,"Lombardia","9510","13519","19033","27333","34867","63937",113198,151689,192693,223980,237080,236703,"11283","15029","17096","23918","36861","75448",146382,234428,295193,391488,442200,457723,23864,"4286","4792","5104","5742","6518","7277",8376,8813,8859,9058,9872,9992,"0,506","0,44","0,358","0,285","0,245",0.136,0.063,0.044,0.04,0.026,0.027,"0,012","0,316","0,37","0,407","0,455","0,456",0.512,0.551,0.498,0.413,0.367,0.318,"0,273","0,178","0,19","0,236","0,26","0,299",0.352,0.386,0.458,0.547,0.607,0.655,"0,715"
"79","ITF1","ITF","Italy",0,0,1,0,0,0.25,0,16.2,81.7966995239258,42.3012809753418,13.9524223804474,1,1,0,1,1,0,0,1.79600000296768,688.1750125885,0.333212994039059,0.32802714779973,1.21556332707405,0,0,0,40.8600006103516,1,0,"Abruzzo","1223","1687","2233","2266","2489","4680",8188,13376,17911,20122,20824,21597,"1451","1875","2006","1983","2632","5523",10588,20672,27439,35171,38840,41763,10832,"1010","1014","1028","1159","1228","1135",1121,1190,1235,1253,1341,1330,"0,768","0,769","0,765","0,749","0,71",0.515,0.331,0.227,0.109,0.065,0.081,"0,05","0,147","0,133","0,121","0,118","0,112",0.215,0.269,0.322,0.289,0.323,0.296,"0,274","0,085","0,097","0,114","0,133","0,178",0.27,0.4,0.451,0.602,0.612,0.623,"0,676"
"80","ITF2","ITF","Italy",0,0,0,0,0,0,0,14.6,81.7966995239258,41.6829147338867,14.5006575584412,1,1,0,1,0,0,0,1.8410000082607,641.649993896484,0.479654952883721,0.476708620786667,0.928595840930938,0,0,0,33.7299995422363,0,0,"Molise","427","568","718","786","790","1280",1914,3147,4054,4724,4649,4004,"507","631","645","688","835","1510",2475,4864,6211,8258,8671,7742,4461,"366","349","334","387","392","338",303,313,320,312,320,313,"0,792","0,781","0,759","0,727","0,691",0.688,0.486,0.328,0.158,0.086,0.112,"0,085","0,12","0,12","0,128","0,145","0,166",0.141,0.188,0.256,0.287,0.28,0.273,"0,23","0,087","0,099","0,113","0,129","0,143",0.171,0.325,0.416,0.555,0.635,0.615,"0,686"
"81","ITF3","ITF","Italy",1,1,1,0.2,0.2,0.4,0,12.5,81.7966995239258,40.932307434082,14.7125129699707,1,0,1,1,1,0,0,1.83419999571506,445.440002441406,0.296743825823069,0.291674426198006,0,0,1,0,10.1800003051758,1,10,"Campania","4944","6893","8517","10164","10417","19675",33413,46030,60964,69751,69786,66627,"5866","7663","7650","8894","11013","23217",43208,71137,93392,121916,130163,128839,13671,"2853","2992","3211","3639","4311","4628",4952,5364,5583,5689,5830,5855,"0,541","0,527","0,509","0,48","0,48",0.342,0.246,0.21,0.113,0.072,0.059,"0,044","0,236","0,237","0,229","0,241","0,202",0.271,0.301,0.282,0.224,0.219,0.197,"0,182","0,222","0,236","0,261","0,279","0,317",0.387,0.452,0.508,0.663,0.709,0.744,"0,774"
"82","ITF4","ITF","Italy",1,1,1,0.8,0.2,0.8,0,11.2,81.7966995239258,40.7736381530762,17.0584474563599,0,1,0,1,0,0,0,1.70399999504339,110.740000152588,0.166125319898128,0.1576640188694,0,0,1,0,22.8700008392334,0,10,"Puglia","3351","4478","6383","6465","7285","13661",23311,34806,42876,50149,50922,47802,"3976","4979","5734","5657","7701","16121",30145,53792,65684,87654,94979,92436,19541,"1981","2152","2320","2616","3193","3298",3480,3779,3959,3955,4088,4086,"0,644","0,63","0,604","0,529","0,66",0.519,0.406,0.218,0.162,0.127,0.102,"0,088","0,201","0,201","0,208","0,257","0,128",0.191,0.238,0.281,0.24,0.23,0.234,"0,197","0,156","0,168","0,188","0,214","0,211",0.29,0.357,0.501,0.598,0.642,0.665,"0,715"
"83","ITF5","ITF","Italy",0,0,0,0,0,0,0,12.4,81.7966995239258,40.4821739196777,16.1623106002808,1,0,0,1,0,0,0,1.73699994829532,451.04999923706,0.438076630234718,0.429439797997475,0.764360547065735,0,1,0,33.2400016784668,0,0,"Basilicata","634","839","1058","1040","1003","2239",3854,5634,6368,8138,7471,7587,"752","933","950","910","1060","2642",4984,8707,9756,14224,13936,14670,10073,"480","474","468","532","616","604",564,576,588,575,588,576,"0,779","0,768","0,759","0,752","0,763",0.637,0.42,0.33,0.166,0.107,0.121,"0,103","0,124","0,128","0,132","0,129","0,104",0.172,0.252,0.26,0.257,0.281,0.247,"0,232","0,097","0,104","0,109","0,119","0,133",0.191,0.328,0.41,0.577,0.612,0.632,"0,665"
"84","ITF6","ITF","Italy",0,0,1,0,0,1,0,14,81.7966995239258,38.8968894958496,16.4082244873047,1,0,0,1,1,0,0,1.48920001714367,250.200003051758,0.132722873985767,0.131987825036049,1.87075209617615,0,1,0,13,1,0,"Calabria","1631","2379","2784","2881","3233","6652",11713,15225,19244,23503,24027,21732,"1935","2644","2501","2521","3418","7850",15147,23529,29481,41081,44815,42023,15222,"1369","1401","1511","1721","1982","1942",1869,1960,1988,1956,2010,1975,"0,628","0,669","0,705","0,676","0,678",0.524,0.37,0.292,0.198,0.163,0.141,"0,155","0,259","0,211","0,162","0,159","0,146",0.221,0.257,0.246,0.16,0.164,0.173,"0,133","0,113","0,12","0,133","0,165","0,176",0.255,0.373,0.462,0.642,0.673,0.686,"0,712"
"85","ITH1+ITH2","ITH","Italy",1,0,1,1,0,0.5,0,13.35,81.7966995239258,46.379472732544,11.3190040588379,1,1,0,0,0,0,0,1.12149999786446,1495.44998168946,0.499310791492462,1.45643186569214,0,0,0,0,75.5449981689453,0,6,"Provincia Autonoma di Bolzano/Bozen-Provincia Autonoma di Trento","767","1040","1807","2233","2730","4752",8840,15447,19587,23655,24856,26571,"910","1157","1624","1954","2886","5607",11431,23873,30006,41346,46361,51381,13606,"516","559","687","688","739","778",841,892,925,950,1033,1055,"0,682","0,631","0,571","0,502","0,503",0.407,0.198,0.148,0.102,0.075,0.07,"0,047","0,152","0,169","0,181","0,222","0,213",0.236,0.285,0.262,0.255,0.236,0.24,"0,211","0,166","0,2","0,249","0,277","0,284",0.357,0.517,0.591,0.643,0.689,0.69,"0,742"
"86","ITH3","ITH","Italy",1,1,1,0.571428571428571,0.142857142857143,0.571428571428571,0,13.1,81.7966995239258,45.5700623648507,11.8395362581526,1,1,1,1,1,0,0,1.84957140804264,277.571428111621,0.475390936248005,0.643668758017677,0,0,0,0,50.5699996948242,0,10,"Veneto","3854","6104","7607","9948","13180","22021",39228,62442,80495,99496,104465,100482,"4572","6786","6833","8705","13934","25986",50727,96502,123313,173906,194848,194307,18407,"2540","2897","3236","3503","3835","3777",4098,4338,4407,4554,4925,4922,"0,626","0,602","0,573","0,527","0,505",0.326,0.172,0.122,0.081,0.051,0.047,"0,028","0,198","0,213","0,222","0,25","0,245",0.341,0.42,0.428,0.398,0.378,0.344,"0,314","0,176","0,185","0,205","0,223","0,25",0.333,0.408,0.45,0.521,0.571,0.609,"0,659"
"87","ITH4","ITH","Italy",1,0,1,0.25,0,0.25,0,12.9,81.7966995239258,45.9511575698853,13.2370929718018,0,1,0,1,1,0,0,1.92849999317679,184.400001525879,0.243386350572109,0.275057791848667,0,0,0,0,64.9599990844727,0,6,"Friuli-Venezia Giulia","1341","1919","3196","4782","4647","6400",11765,16397,20698,25194,25775,23637,"1591","2133","2871","4184","4913","7552",15214,25341,31707,44035,48075,45707,7862,"877","1110","1002","1127","1197","1169",1237,1265,1214,1186,1235,1226,"0,476","0,444","0,446","0,419","0,4",0.301,0.16,0.088,0.062,0.043,0.043,"0,024","0,308","0,286","0,317","0,307","0,283",0.316,0.368,0.357,0.306,0.297,0.277,"0,267","0,216","0,271","0,237","0,273","0,316",0.383,0.472,0.556,0.632,0.66,0.68,"0,71"
"88","ITH5","ITH","Italy",1,1,1,0.222222222222222,0.222222222222222,0.111111111111111,0,16.4,81.7966995239258,44.4758716159397,11.1928519142999,0,1,1,1,1,0,0,1.90844444492797,188.73333163725,0.558257490189539,0.566001759635077,0,0,1,0,53.2000007629395,1,7,"Emilia-Romagna","4607","7152","9972","11706","13848","25439",43488,67809,79042,95443,99089,99085,"5466","7951","8957","10243","14640","30019",56237,104796,121086,166823,184819,191604,22453,"2505","2747","3028","3284","3520","3616",3830,3967,3953,4048,4414,4446,"0,63","0,586","0,606","0,586","0,497",0.312,0.175,0.136,0.102,0.062,0.053,"0,026","0,2","0,239","0,199","0,21","0,231",0.339,0.407,0.386,0.355,0.338,0.307,"0,287","0,17","0,175","0,196","0,205","0,273",0.348,0.418,0.478,0.542,0.6,0.641,"0,687"
"89","ITI1","ITI","Italy",1,1,1,0.5,0.4,0.5,0,14.8,81.7966995239258,43.6205657958984,10.9351135253906,0,1,1,1,1,0,0,1.73570000189068,282.249995422363,0.456850245594978,0.475174314714968,0,0,1,0,48.6500015258789,1,9,"Toscana","4177","6180","8591","10178","11631","20646",36370,51790,60982,73219,75241,73113,"4956","6870","7717","8906","12296","24363",47032,80039,93420,127977,140338,141381,22987,"2494","2631","2760","2929","3165","3279",3481,3605,3591,3557,3740,3749,"0,578","0,516","0,51","0,475","0,425",0.282,0.134,0.115,0.055,0.033,0.038,"0,034","0,244","0,301","0,265","0,286","0,3",0.376,0.424,0.392,0.336,0.314,0.27,"0,248","0,179","0,183","0,225","0,24","0,276",0.342,0.442,0.492,0.609,0.653,0.692,"0,718"
"90","ITI2","ITI","Italy",0,0,0,0,0,0,0,15.9,81.7966995239258,42.8802890777588,12.4909434318542,0,0,1,0,1,0,0,1.95300004237442,402.450012207031,0.772439062595367,0.81086328625679,0.764520466327667,0,0,0,56.5,0,0,"Umbria","1037","1287","1754","2351","2535","4357",7072,11201,12996,15430,15514,14206,"1230","1431","1575","2057","2680","5141",9145,17311,19909,26970,28937,27472,8464,"571","584","630","716","804","781",774,806,821,845,904,894,"0,741","0,7","0,68","0,645","0,567",0.455,0.22,0.151,0.098,0.047,0.042,"0,035","0,149","0,172","0,177","0,196","0,21",0.268,0.361,0.406,0.327,0.307,0.278,"0,248","0,11","0,128","0,143","0,158","0,223",0.277,0.419,0.442,0.576,0.646,0.68,"0,717"
"91","ITI3","ITI","Italy",1,1,0,0.25,0.25,0,0,15.2,81.7966995239258,43.3292827606202,13.1688957214355,0,1,0,1,1,0,0,1.84275003041202,276.224996566773,0.311507262289524,0.318645246326923,0,0,0,0,50.6100006103516,1,10,"Marche","1595","2136","2702","3366","4063","6813",11525,18750,22253,27523,29348,26899,"1893","2375","2427","2946","4295","8039",14904,28978,34090,48107,54740,52016,9401,"1060","1093","1148","1250","1349","1315",1347,1405,1430,1468,1562,1549,"0,704","0,677","0,684","0,665","0,568",0.475,0.249,0.146,0.087,0.046,0.049,"0,031","0,17","0,19","0,176","0,181","0,214",0.261,0.369,0.401,0.383,0.361,0.358,"0,326","0,126","0,133","0,14","0,154","0,217",0.264,0.382,0.453,0.53,0.592,0.593,"0,643"
"92","ITI4","ITI","Italy",1,1,1,0.2,0.2,0.4,1,19,81.7966995239258,41.9694778442383,12.8289323806763,1,0,1,1,1,0,0,1.94179997784424,251.279998779297,0.339214216172695,0.412381222844124,0,0,0,0,33.060001373291,1,10,"Lazio","3985","5611","8178","10783","12723","26535",50466,69553,95796,109996,121189,121030,"4728","6238","7346","9435","13451","31313",65260,107492,146753,192259,226041,234042,17232,"1639","1766","2005","2642","3384","3932",4681,5029,5176,5188,5705,5886,"0,566","0,51","0,46","0,416","0,344",0.206,0.095,0.091,0.051,0.032,0.026,"0,02","0,184","0,214","0,206","0,224","0,202",0.231,0.257,0.245,0.186,0.183,0.177,"0,145","0,25","0,276","0,334","0,361","0,454",0.563,0.648,0.664,0.763,0.785,0.797,"0,835"
"93","NL11","NL1","Netherlands",0,0,1,0,0,0.333333333333333,0,31,30.4867000579834,53.2169418334961,6.79892174402873,0,1,0,1,0,1,0,1.41099999561788,0,0.137509965648254,0.145832485208909,0.809166590372721,0,0,0,97.6100006103516,0,0,"Groningen","874","1096","1606","2006","2512","3807",6969,16921,11827,14024,19225,16421,"1115","1541","1716","2140","2947","5024",10158,27558,17177,25195,35118,31931,2325,"300","328","377","415","454","475",517,551,554,563,577,585,"0,393","0,352","0,285","0,234","0,18",0.164,0.015,0.014,0.011,0.028,0.039,"0,024","0,273","0,29","0,324","0,35","0,355",0.389,0.459,0.388,0.309,0.22,0.18,"0,158","0,333","0,358","0,391","0,416","0,465",0.447,0.525,0.598,0.679,0.752,0.781,"0,818"
"94","NL12","NL1","Netherlands",0,0,1,0,0,0.333333333333333,0,25.6,30.4867000579834,53.0522282918294,5.80229187011719,0,1,0,1,0,1,0,1.24400000002352,-1.86666667461395,0.256069997946421,0.256042550007502,0.648517529169719,0,0,0,97.6100006103516,0,0,"Friesland","1032","1252","1549","1778","2255","3141",5050,6698,8547,11459,12703,11409,"1317","1760","1654","1897","2645","4145",7360,10908,12414,20586,23204,22185,3326,"340","360","391","415","455","478",522,578,599,625,646,647,"0,46","0,436","0,384","0,341","0,252",0.228,0.041,0.029,0.029,0.05,0.051,"0,035","0,226","0,239","0,259","0,275","0,302",0.349,0.429,0.373,0.311,0.264,0.208,"0,165","0,314","0,325","0,358","0,384","0,446",0.424,0.53,0.598,0.659,0.687,0.741,"0,799"
"95","NL13","NL1","Netherlands",0,0,0,0,0,0,0,25.2,30.4867000579834,52.8500022888183,6.6103466351827,0,1,0,0,0,0,0,1.04133333221553,12.4666665395101,0.292066077391307,0.537355790535609,0.411465287208557,0,0,0,97.6100006103516,0,0,"Drenthe","378","483","675","866","1420","2094",3492,4687,6834,8412,8927,8666,"482","680","721","924","1666","2763",5090,7633,9926,15112,16306,16851,2636,"149","173","214","242","281","311",367,416,441,470,491,489,"0,522","0,499","0,455","0,416","0,329",0.273,0.013,0.015,0.018,0.058,0.03,"0,03","0,269","0,3","0,304","0,306","0,325",0.382,0.469,0.387,0.336,0.255,0.223,"0,16","0,209","0,201","0,242","0,277","0,346",0.345,0.517,0.598,0.645,0.687,0.747,"0,81"
"96","NL21","NL2","Netherlands",1,1,0,0.666666666666667,0.666666666666667,0,0,28.4,30.4867000579834,52.4306424458822,6.40254815419515,0,1,0,0,1,1,0,1.1403333291887,8.26666665077209,0.345824872454007,0.945421040058137,0,0,0,0,87.9000015258789,0,7,"Overijssel","1024","1404","2194","2599","3846","5901",9193,12144,15529,20967,24225,23356,"1307","1974","2344","2772","4512","7787",13399,19777,22554,37667,44252,45416,3323,"333","383","474","562","662","771",921,1010,1020,1078,1130,1143,"0,386","0,351","0,275","0,219","0,184",0.144,0.015,0.013,0.013,0.04,0.032,"0,028","0,395","0,42","0,472","0,512","0,46",0.507,0.521,0.415,0.374,0.276,0.217,"0,188","0,219","0,23","0,253","0,269","0,357",0.349,0.464,0.571,0.613,0.684,0.751,"0,784"
"97","NL22","NL2","Netherlands",0,0,0,0,0,0,0,31.8,30.4867000579834,52.0100593566895,5.85492789745331,0,1,0,0,1,1,0,1.40450000669616,16.2499996423721,0.300113797187805,1.14105631411076,0.422081857919693,0,0,0,87.9000015258789,0,0,"Gelderland","1674","1939","3327","4149","5674","9042",17225,21494,27328,36490,41144,42606,"2137","2726","3553","4425","6657","11932",25106,35005,39690,65554,75157,82846,4969,"567","640","772","907","1067","1267",1506,1681,1804,1919,1999,2030,"0,442","0,402","0,312","0,244","0,186",0.144,0.015,0.016,0.017,0.032,0.032,"0,025","0,292","0,311","0,367","0,411","0,395",0.434,0.442,0.345,0.294,0.235,0.189,"0,158","0,267","0,286","0,321","0,344","0,419",0.422,0.542,0.64,0.689,0.733,0.778,"0,818"
"98","NL23","NL2","Netherlands",0,0,0,0,0,0,0,28.1,30.4867000579834,52.5467948913574,5.53886318206787,0,0,0,0,0,0,0,1.14100000913713,-4.69999980926514,0.563926160335541,0.56324166059494,0.540155291557312,0,0,0,87.9000015258789,0,0,"Flevoland (1960 - )",".",".",".",".",".",".",676,1596,2841,5171,6963,7738,".",".",".",".",".",".",985,2599,4126,9290,12719,15047,1413,".",".",".",".",".",".",40,111,212,317,388,403,".",".",".",".",".",0.501,0.278,0.072,0.058,0.06,0.034,"0,032",".",".",".",".",".",0.168,0.392,0.296,0.217,0.188,0.157,"0,125",".",".",".",".",".",0.331,0.329,0.632,0.724,0.751,0.809,"0,843"
"99","NL31","NL3","Netherlands",1,0,0,1,0,0,0,42.9,30.4867000579834,52.1185150146484,5.20970010757446,0,0,0,0,1,0,0,1.33100000628895,13.1000003814697,0.654065072536469,0.722610414028168,0,0,1,0,89.9599990844727,0,6,"Utrecht","913","954","2074","2690","3257","5045",9267,13562,18417,30879,35420,37223,"1165","1342","2215","2869","3822","6657",13507,22087,26749,55473,64701,72379,1382,"251","289","369","467","569","677",801,886,1016,1108,1221,1266,"0,276","0,24","0,166","0,119","0,079",0.067,0.012,0.01,0.009,0.019,0.013,"0,009","0,342","0,346","0,376","0,393","0,378",0.391,0.372,0.268,0.208,0.134,0.128,"0,109","0,382","0,414","0,458","0,488","0,543",0.542,0.616,0.722,0.784,0.847,0.858,"0,883"
"100","NL32","NL3","Netherlands",1,0,0,0.142857142857143,0,0,1,39.7,30.4867000579834,52.4982670375279,4.84458405630929,0,0,0,1,1,0,0,1.60142854802275,0.700000030653817,0.227332333368914,0.222881772688457,0,0,0,0,89.9599990844727,0,6,"Noordholland","3896","5366","9100","10806","12777","18846",29808,35395,44396,64567,74985,88990,"4972","7545","9720","11525","14991","24868",43448,57644,64480,115994,136974,173040,2664,"968","1108","1386","1650","1811","2055",2244,2299,2376,2518,2669,2767,"0,166","0,138","0,102","0,078","0,06",0.057,0.013,0.012,0.013,0.019,0.018,"0,013","0,371","0,372","0,377","0,377","0,381",0.386,0.37,0.277,0.229,0.162,0.132,"0,11","0,463","0,49","0,521","0,545","0,558",0.557,0.617,0.711,0.758,0.819,0.85,"0,877"
"101","NL33","NL3","Netherlands",1,0,0,0.333333333333333,0,0,0,33.3,30.4867000579834,52.0063692728678,4.50216102600097,0,1,0,1,1,0,0,1.36999998943934,0.233333269755045,0.197504966209332,0.234368157883485,0,0,0,0,89.9599990844727,0,6,"Zuidholland","4614","5633","10444","12812","16223","24652",41191,49917,60720,77098,85434,90615,"5889","7921","11155","13665","19033","32530",60039,81295,88189,138506,156062,176200,2806,"1144","1391","1791","2117","2336","2698",2969,3064,3220,3398,3506,3607,"0,198","0,166","0,124","0,095","0,073",0.076,0.025,0.019,0.022,0.033,0.028,"0,02","0,368","0,366","0,379","0,386","0,379",0.405,0.363,0.292,0.236,0.176,0.151,"0,131","0,434","0,468","0,497","0,519","0,548",0.519,0.612,0.689,0.742,0.791,0.821,"0,849"
"102","NL34","NL3","Netherlands",0,0,0,0,0,0,0,25.4,30.4867000579834,51.4020881652832,3.7931078672409,0,1,0,1,1,0,0,1.06449999727363,-0.25,0.0630036499351263,0.0566021166741848,0.367343485355377,0,0,0,89.9599990844727,0,0,"Zeeland","669","840","986","1231","1522","2189",3615,4976,6704,7172,8944,7427,"854","1181","1053","1313","1786","2889",5269,8103,9737,12885,16338,14442,1784,"216","233","247","251","260","284",306,344,356,372,381,381,"0,537","0,502","0,439","0,387","0,259",0.231,0.031,0.025,0.024,0.026,0.032,"0,04","0,184","0,209","0,233","0,254","0,305",0.322,0.459,0.391,0.339,0.26,0.252,"0,184","0,279","0,289","0,328","0,359","0,436",0.447,0.51,0.584,0.637,0.714,0.716,"0,776"
"103","NL41","NL4","Netherlands",0,0,0,0,0,0,0,30.4,30.4867000579834,51.564266204834,5.15128910541535,0,1,0,1,1,0,0,1.3450000064482,16.4500000476837,0.178799491375685,0.847156152129173,0.435555785894394,0,0,0,85.6900024414062,0,0,"Noordbrabant","1683","2234","3111","4149","6676","11517",20001,27520,37543,53630,60471,64116,"2147","3141","3323","4425","7832","15197",29153,44819,54527,96345,110461,124673,4914,"554","623","803","1011","1233","1485",1788,2031,2189,2356,2444,2493,"0,443","0,418","0,307","0,228","0,148",0.107,0.01,0.011,0.015,0.031,0.032,"0,024","0,341","0,347","0,425","0,482","0,47",0.521,0.548,0.438,0.379,0.276,0.221,"0,186","0,215","0,235","0,268","0,29","0,381",0.372,0.442,0.551,0.606,0.693,0.747,"0,79"
"104","NL42","NL4","Netherlands",1,0,0,0.333333333333333,0,0,0,27.1,30.4867000579834,51.2032814025879,5.92319679260254,0,1,0,0,0,1,0,1.56166668832337,47.9666678110759,0.0809902660548687,1.51891855398814,0,0,0,0,85.6900024414062,0,6,"Limburg","848","1238","1934","2553","3982","6663",9469,13071,17407,22672,24382,23632,"1082","1741","2066","2723","4672","8792",13802,21287,25282,40730,44538,45953,2148,"282","332","483","605","725","882",999,1065,1104,1141,1123,1120,"0,477","0,42","0,286","0,195","0,112",0.091,0.013,0.015,0.018,0.038,0.035,"0,029","0,305","0,341","0,437","0,508","0,575",0.538,0.522,0.427,0.387,0.289,0.22,"0,166","0,218","0,239","0,277","0,297","0,313",0.371,0.464,0.558,0.595,0.673,0.745,"0,805"
