Country (current borders);NUTS-Codes;Region;GDP_1900;GDP_1910;GDP_1925;GDP_1938;GDP_1950;GDP_1960;GDP_1970;GDP_1980;GDP_1990;GDP_2000;GDP_2010;GDP_2015;GDP_11_1900;GDP_11_1910;GDP_11_1925;GDP_11_1938;GDP_11_1950;GDP_11_1960;GDP_11_1970;GDP_11_1980;GDP_11_1990;GDP_11_2000;GDP_11_2010;GDP_11_2015;AREA;POP_1900;POP_1910;POP_1925;POP_1938;POP_1950;POP_1960;POP_1970;POP_1980;POP_1990;POP_2000;POP_2010;POP_2015;AGSH_1900;AGSH_1910;AGSH_1925;AGSH_1938;AGSH_1950;AGSH_1960;AGSH_1970;AGSH_1980;AGSH_1990;AGSH_2000;AGSH_2010;AGSH_2015;INDSH_1900;INDSH_1910;INDSH_1925;INDSH_1938;INDSH_1950;INDSH_1960;INDSH_1970;INDSH_1980;INDSH_1990;INDSH_2000;INDSH_2010;INDSH_2015;SERSH_1900;SERSH_1910;SERSH_1925;SERSH_1938;SERSH_1950;SERSH_1960;SERSH_1970;SERSH_1980;SERSH_1990;SERSH_2000;SERSH_2010;SERSH_2015
Austria;AT11;Burgenland;457;545;520;582;636;1017;1540;2278;2879;3839;4652;4816;497;594;563;675;782;1333;2137;2984;4095;6543;7818;9125;3962;292;292;288;305;276;272;273;270;271;276;284;290;0,766;0,742;0,686;0,638;0,631;0,503;0,288;0,153;0,087;0,078;0,055;0,059;0,123;0,147;0,194;0,237;0,245;0,321;0,443;0,466;0,413;0,321;0,252;0,257;0,111;0,112;0,12;0,125;0,123;0,176;0,269;0,38;0,5;0,601;0,693;0,684
Austria;AT21;Carinthia;632;798;790;903;1243;2592;4293;6104;7349;9764;11298;11256;688;869;855;1047;1529;3397;5956;7993;10454;16642;18989;21328;9538;344;371;376;419;475;494;525;536;546;560;557;561;0,635;0,574;0,531;0,498;0,375;0,267;0,146;0,086;0,06;0,064;0,064;0,059;0,191;0,221;0,257;0,286;0,371;0,4;0,412;0,399;0,356;0,314;0,26;0,235;0,175;0,205;0,212;0,216;0,253;0,333;0,443;0,515;0,584;0,622;0,676;0,706
Austria;AT12+AT13;Lower Austria;10940;14072;14192;14720;13946;22612;34120;45757;58139;71434;85098;84643;11913;15321;15371;17069;17159;29636;47336;59923;82707;121749;143030;160387;19601;3080;3509;3362;3392;3017;3004;3039;2964;2962;3089;3303;3452;0,233;0,208;0,198;0,19;0,215;0,158;0,107;0,07;0,05;0,049;0,037;0,024;0,395;0,416;0,421;0,424;0,454;0,471;0,423;0,385;0,323;0,257;0,196;0,175;0,372;0,375;0,381;0,386;0,331;0,371;0,47;0,545;0,627;0,695;0,767;0,801
Austria;AT32;Salzburg;477;609;635;731;1003;2229;4219;6675;8799;12031;14662;15086;520;664;687;848;1234;2922;5853;8742;12517;20505;24643;28586;7156;193;215;226;255;327;347;400;439;476;514;527;541;0,522;0,478;0,445;0,42;0,313;0,231;0,131;0,076;0,052;0,047;0,037;0,043;0,214;0,239;0,256;0,27;0,381;0,364;0,363;0,349;0,31;0,283;0,247;0,2;0,264;0,283;0,299;0,31;0,306;0,404;0,505;0,575;0,638;0,67;0,716;0,757
Austria;AT22;Styria;1929;2292;2435;2953;3401;6265;9214;13346;15829;21085;25176;26205;2100;2495;2638;3424;4184;8211;12783;17478;22518;35936;42316;49654;16401;889;958;986;1028;1110;1137;1193;1188;1171;1183;1206;1228;0,645;0,602;0,54;0,491;0,433;0,333;0,215;0,131;0,09;0,077;0,059;0,066;0,194;0,219;0,255;0,284;0,359;0,394;0,42;0,423;0,382;0,345;0,289;0,253;0,161;0,179;0,205;0,225;0,208;0,273;0,366;0,446;0,529;0,578;0,652;0,682
Austria;AT33;Tyrol;518;734;765;908;1241;2738;5218;8108;10504;14373;17629;18605;565;799;829;1052;1527;3589;7239;10619;14943;24496;29631;35254;12640;266;305;318;364;428;462;539;584;621;669;705;733;0,635;0,561;0,476;0,412;0,365;0,263;0,127;0,067;0,043;0,046;0,049;0,047;0,168;0,213;0,253;0,283;0,37;0,365;0,379;0,363;0,331;0,251;0,252;0,222;0,197;0,226;0,271;0,305;0,266;0,372;0,494;0,57;0,626;0,703;0,699;0,731
Austria;AT31;Upper Austria;1927;2288;2370;2758;3525;6928;11389;17060;21351;27820;33545;35164;2098;2491;2567;3198;4337;9080;15801;22342;30373;47416;56381;66631;11980;811;854;883;912;1109;1132;1225;1265;1304;1372;1410;1444;0,58;0,555;0,521;0,494;0,392;0,299;0,192;0,116;0,077;0,065;0,059;0,048;0,235;0,248;0,278;0,302;0,367;0,429;0,465;0,472;0,427;0,361;0,321;0,311;0,185;0,196;0,201;0,204;0,241;0,272;0,344;0,412;0,496;0,574;0,62;0,642
Austria;AT34;Vorarlberg;333;424;451;498;708;1526;2792;4545;5628;7532;9409;9746;363;462;489;577;871;2001;3873;5953;8006;12837;15814;18468;2601;129;145;142;162;194;224;273;304;327;349;369;381;0,376;0,345;0,322;0,305;0,261;0,155;0,067;0,035;0,025;0,019;0,029;0,027;0,461;0,464;0,454;0,445;0,508;0,563;0,586;0,549;0,489;0,436;0,356;0,303;0,163;0,191;0,223;0,25;0,231;0,282;0,347;0,416;0,486;0,544;0,615;0,67
Belgium;BE21;Antwerp;2970;4115;5752;6798;7950;10768;18202;26195;30748;39088;47483;50710;4761;6997;7153;7926;10178;14153;27010;39898;42385;63224;77789;86883;2867;834;969;1118;1244;1314;1431;1533;1567;1604;1645;1755;1813;0,258;0,176;0,156;0,137;0,094;0,055;0,027;0,022;0,018;0,016;0,011;0,011;0,345;0,399;0,377;0,352;0,442;0,467;0,48;0,402;0,301;0,268;0,222;0,199;0,398;0,425;0,467;0,51;0,464;0,478;0,492;0,577;0,682;0,716;0,767;0,789
Belgium;BE10+BE24+BE31;Brabant;5184;6762;9000;10701;12938;19263;31569;42833;53603;69429;85727;80439;8311;11497;11193;12476;16564;25317;46845;65239;73890;112299;140441;137819;3358;1281;1470;1625;1767;1838;1978;2176;2219;2248;2336;2567;2475;0,246;0,174;0,14;0,117;0,078;0,046;0,024;0,018;0,011;0,008;0,005;0,025;0,371;0,42;0,391;0,379;0,418;0,408;0,377;0,252;0,165;0,141;0,109;0,148;0,383;0,407;0,469;0,503;0,504;0,546;0,599;0,73;0,824;0,851;0,885;0,827
Belgium;BE25;West-Flanders;2023;2466;3273;3963;4193;5831;9692;14663;17786;21853;25667;27075;3244;4193;4070;4621;5368;7665;14382;22334;24518;35346;42048;46389;3144;807;874;895;962;1012;1064;1054;1078;1106;1129;1162;1178;0,419;0,354;0,261;0,213;0,169;0,12;0,076;0,061;0,048;0,04;0,028;0,024;0,267;0,362;0,374;0,388;0,45;0,479;0,497;0,444;0,321;0,299;0,26;0,242;0,315;0,284;0,366;0,399;0,381;0,401;0,427;0,495;0,631;0,66;0,713;0,734
Belgium;BE23;East-Flanders;3214;3785;4427;4891;5634;6990;11420;15197;19895;24427;30543;32207;5152;6435;5505;5702;7212;9187;16946;23146;27424;39510;50037;55182;2982;1035;1120;1142;1192;1229;1268;1310;1330;1337;1362;1439;1476;0,361;0,293;0,242;0,208;0,155;0,111;0,065;0,051;0,032;0,027;0,018;0,014;0,364;0,449;0,441;0,424;0,487;0,511;0,521;0,404;0,312;0,281;0,237;0,222;0,275;0,258;0,317;0,368;0,358;0,378;0,414;0,546;0,656;0,693;0,745;0,763
Belgium;BE32;Hainaut;5158;5911;5780;5735;6300;7368;11115;14576;15705;17558;20020;20367;8268;10051;7188;6687;8066;9684;16494;22201;21649;28400;32798;34896;3786;1137;1233;1261;1244;1230;1247;1317;1302;1283;1281;1314;1335;0,178;0,142;0,108;0,1;0,084;0,068;0,042;0,035;0,025;0,02;0,014;0,013;0,571;0,618;0,589;0,543;0,581;0,548;0,499;0,368;0,259;0,17;0,207;0,187;0,25;0,24;0,303;0,357;0,335;0,383;0,459;0,596;0,715;0,81;0,779;0,8
Belgium;BE33;Liege;3648;4320;4877;5069;5773;7376;10643;14038;14249;15843;18737;18695;5847;7345;6065;5910;7391;9695;15793;21381;19641;25625;30695;32031;3862;837;888;951;971;972;1001;1009;1000;1003;1020;1072;1096;0,157;0,117;0,113;0,113;0,092;0,07;0,046;0,034;0,023;0,018;0,012;0,011;0,559;0,606;0,549;0,501;0,543;0,531;0,462;0,367;0,262;0,231;0,207;0,196;0,285;0,277;0,338;0,386;0,364;0,399;0,493;0,599;0,715;0,751;0,781;0,793
Belgium;BE22;Limburg;602;723;979;1269;1805;2613;5088;8268;10984;13773;16170;17007;965;1229;1218;1480;2311;3434;7551;12593;15140;22278;26490;29139;2422;245;276;342;408;483;566;653;712;749;792;842;859;0,544;0,489;0,405;0,33;0,204;0,119;0,052;0,035;0,038;0,032;0,022;0,021;0,195;0,265;0,321;0,353;0,473;0,495;0,551;0,468;0,343;0,317;0,251;0,23;0,261;0,246;0,274;0,317;0,323;0,386;0,397;0,497;0,619;0,652;0,727;0,749
Belgium;BE34;Luxembourg (region);797;829;685;656;861;1028;1445;2202;3029;3623;4363;4200;1278;1409;852;765;1102;1351;2144;3354;4175;5860;7148;7196;4440;220;231;223;222;214;217;217;222;233;248;270;280;0,542;0,461;0,437;0,406;0,358;0,281;0,174;0,12;0,078;0,06;0,042;0,039;0,206;0,262;0,206;0,198;0,226;0,267;0,292;0,216;0,199;0,204;0,198;0,187;0,252;0,278;0,357;0,396;0,417;0,452;0,534;0,664;0,723;0,736;0,76;0,774
Belgium;BE35;Namur;1446;1562;1391;1388;1680;2128;3091;4461;5389;6390;7957;7919;2318;2656;1730;1618;2151;2797;4586;6794;7429;10336;13035;13568;3666;351;363;358;356;359;368;381;405;423;445;475;488;0,319;0,237;0,206;0,19;0,169;0,132;0,08;0,057;0,04;0,032;0,021;0,02;0,39;0,465;0,401;0,369;0,396;0,396;0,389;0,274;0,184;0,173;0,154;0,146;0,291;0,297;0,393;0,442;0,435;0,472;0,531;0,669;0,776;0,795;0,825;0,834
Denmark;DK01;Hovedstaden;2234;2766;4395;7115;13079;14122;25669;28127;34466;46083;50882;57807;3330;4262;5895;9440;17704;19334;37384;39690;47327;72600;91913;104594;2473;660;770;1011;1203;1397;1552;1645;1591;1548;1628;1691;1775;0,126;0,113;0,102;0,07;0,038;0,039;0,02;0,006;0,01;0,009;0,004;0,004;0,419;0,419;0,442;0,477;0,446;0,452;0,373;0,241;0,201;0,161;0,07;0,109;0,455;0,468;0,456;0,452;0,516;0,509;0,607;0,753;0,789;0,831;0,926;0,887
Denmark;DK02;Sjælland;1377;1821;2454;3034;3427;5158;7594;10488;10969;13545;14042;14315;2052;2807;3292;4026;4638;7061;11060;14799;15062;21339;25365;25902;7114;446;485;554;553;587;601;659;740;768;797;819;824;0,56;0,52;0,498;0,442;0,438;0,306;0,139;0,026;0,056;0,041;0,034;0,031;0,238;0,241;0,261;0,315;0,257;0,36;0,404;0,309;0,26;0,24;0,106;0,17;0,202;0,239;0,241;0,244;0,303;0,333;0,457;0,665;0,684;0,72;0,86;0,799
Denmark;DK03;Southern Denmark;1253;2039;3378;4994;5518;8955;13130;17552;19853;24926;25818;27685;1868;3142;4531;6626;7470;12260;19123;24768;27261;39269;46638;50093;12100;733;854;847;959;972;1033;1172;1241;1153;1178;1200;1210;0,507;0,493;0,445;0,392;0,391;0,281;0,155;0,029;0,078;0,057;0,041;0,037;0,267;0,26;0,288;0,341;0,289;0,382;0,416;0,353;0,309;0,284;0,153;0,213;0,226;0,247;0,268;0,267;0,32;0,337;0,429;0,618;0,613;0,659;0,806;0,749
Denmark;DK04;Midtjylland;1760;2544;2904;4119;4830;7735;11317;15368;20312;26161;27621;29125;2623;3920;3895;5466;6538;10591;16482;21685;27891;41215;49895;52699;12823;523;594;682;683;842;897;989;1068;1144;1197;1257;1288;0,543;0,499;0,475;0,404;0,398;0,295;0,169;0,029;0,077;0,054;0,036;0,032;0,251;0,251;0,278;0,339;0,282;0,367;0,391;0,327;0,292;0,274;0,145;0,212;0,207;0,25;0,247;0,257;0,319;0,338;0,44;0,644;0,63;0,672;0,819;0,756
Denmark;DK05;Nordjylland;1102;1508;1824;2488;2800;4398;4814;10297;9264;11913;12069;12214;1643;2325;2447;3301;3791;6021;7012;14530;12720;18768;21802;22099;7843;319;352;413;447;483;502;456;744;573;579;580;585;0,601;0,556;0,533;0,469;0,474;0,351;0,188;0,034;0,088;0,058;0,049;0,045;0,215;0,223;0,245;0,309;0,24;0,34;0,379;0,328;0,277;0,262;0,142;0,218;0,184;0,221;0,222;0,222;0,285;0,309;0,433;0,639;0,635;0,68;0,809;0,737
Finland;FI19;Länsi-Suomi;1155;1552;2087;3543;4680;7363;11095;15651;19564;22728;28468;28102;1147;1489;1960;3655;5749;9997;16672;23470;28121;37996;46539;46831;58304;814;827;874;967;1178;1240;1237;1268;1300;1317;1358;1379;0,702;0,799;0,767;0,689;0,498;0,384;0,233;0,15;0,061;0,013;0,01;0,06;0,148;0,118;0,133;0,173;0,29;0,332;0,395;0,357;0,28;0,213;0,18;0,276;0,149;0,083;0,099;0,138;0,212;0,284;0,372;0,493;0,659;0,774;0,81;0,664
Finland;FI1B;Helsinki-Uusimaa;958;1129;1756;3267;4252;6582;12065;17335;27005;37977;48347;48199;952;1083;1649;3370;5223;8937;18130;25994;38817;63490;79036;80322;9131;202;262;334;476;574;747;917;1026;1147;1305;1525;1606;0,378;0,483;0,355;0,26;0,168;0,1;0,047;0,098;0,111;0,116;0,093;0,008;0,245;0,239;0,271;0,321;0,384;0,39;0,371;0,36;0,334;0,334;0,299;0,173;0,377;0,278;0,373;0,418;0,448;0,51;0,582;0,542;0,555;0,55;0,608;0,819
Finland;FI1C;Etelä-Soumi;1146;1433;1867;3306;4242;6727;10516;14097;18528;20644;22861;23366;1139;1375;1753;3410;5212;9134;15803;21140;26632;34512;37373;38938;31715;601;671;722;802;1009;1084;1133;1168;1205;1224;1156;1164;0,639;0,738;0,65;0,555;0,37;0,268;0,152;0,144;0,11;0,089;0,071;0,045;0,177;0,147;0,178;0,219;0,325;0,352;0,377;0,371;0,343;0,329;0,291;0,251;0,184;0,115;0,173;0,226;0,305;0,38;0,471;0,486;0,547;0,582;0,638;0,704
Finland;FI1D;Pohjois-ja Itä-Soumi;1108;1426;1931;2913;3793;6817;10305;14481;18464;20200;24451;24229;1101;1368;1813;3005;4659;9256;15486;21715;26539;33770;39971;40376;203197;777;805;905;1026;1240;1354;1290;1306;1322;1309;1297;1303;0,818;0,899;0,864;0,82;0,645;0,544;0,353;0,299;0,208;0,15;0,12;0,079;0,099;0,051;0,067;0,079;0,169;0,199;0,264;0,275;0,269;0,264;0,235;0,226;0,082;0,05;0,069;0,101;0,186;0,257;0,383;0,426;0,522;0,586;0,645;0,694
Finland;FI20;Åland;48;44;51;94;84;110;132;326;542;636;785;801;47;43;48;97;103;150;199;489;779;1064;1283;1335;1553;25;21;20;21;22;21;21;23;25;26;28;29;0,6;0,857;0,8;0,636;0,569;0,411;0,239;0,198;0,129;0,089;0,068;0,046;0,2;0,143;0,1;0,091;0,122;0,157;0,21;0,199;0,17;0,15;0,128;0,147;0,4;0,143;0,1;0,273;0,309;0,432;0,551;0,603;0,7;0,761;0,804;0,808
France;FR10;Île de France;26210;27297;42120;49209;63954;100635;164171;220313;293506;362145;419249;444883;37234;40463;53301;62044;85228;139425;243984;334114;394163;543036;700231;791723;12012;4608;5265;6072;6925;7317;8470;9879;10073;10661;11031;11853;12092;0,079;0,067;0,044;0,028;0,03;0,019;0,012;0,007;0,004;0,004;0,002;0,002;0,467;0,526;0,493;0,403;0,456;0,432;0,397;0,322;0,261;0,17;0,14;0,12;0,454;0,406;0,463;0,569;0,515;0,549;0,591;0,671;0,735;0,826;0,858;0,878
France;FR21;Champagne-Ardenne;4041;3721;4531;5243;5106;8085;14146;20532;22544;26229;24522;24886;5741;5516;5734;6611;6805;11201;21023;31138;30276;39330;40957;44288;25606;1233;1213;1097;1136;1133;1206;1337;1346;1348;1342;1336;1340;0,401;0,382;0,334;0,261;0,291;0,215;0,15;0,112;0,094;0,072;0,063;0,086;0,38;0,43;0,419;0,368;0,383;0,417;0,437;0,396;0,342;0,275;0,246;0,217;0,219;0,187;0,247;0,371;0,326;0,368;0,413;0,492;0,564;0,653;0,692;0,697
France;FR22;Picardie;4466;4023;4857;5947;5910;9823;18231;23294;27901;31865;31200;31936;6345;5964;6146;7498;7875;13609;27094;35326;37470;47781;52111;56834;19399;1480;1462;1300;1371;1386;1481;1679;1740;1811;1863;1918;1934;0,368;0,396;0,309;0,284;0,32;0,224;0,145;0,096;0,066;0,046;0,034;0,04;0,408;0,388;0,446;0,357;0,365;0,418;0,452;0,42;0,363;0,286;0,246;0,215;0,225;0,216;0,243;0,36;0,314;0,359;0,403;0,484;0,571;0,668;0,72;0,745
France;FR23;Haute-Normandie;4481;5130;4968;5616;5976;9712;17868;26527;28971;33902;34094;35477;6366;7604;6287;7081;7963;13455;26555;40229;38906;50836;56944;63136;12318;1184;1200;1195;1234;1274;1398;1596;1655;1737;1785;1839;1861;0,309;0,238;0,253;0,23;0,258;0,178;0,113;0,069;0,046;0,029;0,021;0,021;0,431;0,566;0,452;0,364;0,365;0,402;0,428;0,408;0,359;0,289;0,259;0,23;0,261;0,196;0,295;0,405;0,377;0,42;0,458;0,523;0,596;0,682;0,72;0,749
France;FR24;Centre;4961;4856;6092;6519;7501;11456;22715;30923;39862;46277;45660;47027;7048;7199;7710;8220;9996;15871;33758;46896;53532;69392;76262;83691;39151;1895;1876;1726;1731;1758;1858;2153;2264;2371;2451;2557;2584;0,565;0,543;0,54;0,44;0,46;0,313;0,191;0,116;0,073;0,049;0,035;0,038;0,251;0,29;0,25;0,269;0,255;0,332;0,392;0,379;0,348;0,279;0,248;0,214;0,185;0,165;0,212;0,291;0,285;0,355;0,417;0,505;0,58;0,672;0,717;0,748
France;FR25;Basse-Normandie;3229;3089;3696;4231;4925;7802;13473;16667;20759;24190;24495;26005;4587;4579;4677;5334;6563;10809;20022;25277;27879;36273;40911;46280;17589;1236;1185;1094;1129;1165;1208;1306;1351;1391;1427;1476;1480;0,56;0,537;0,544;0,481;0,502;0,403;0,297;0,192;0,121;0,074;0,053;0,052;0,24;0,276;0,237;0,255;0,226;0,269;0,313;0,328;0,306;0,264;0,247;0,216;0,198;0,187;0,22;0,264;0,272;0,328;0,39;0,48;0,573;0,663;0,7;0,732
France;FR26;Bourgogne;4127;4026;5107;5226;6711;10589;16146;21175;25925;29269;28879;30487;5863;5968;6463;6589;8944;14670;23995;32113;34815;43888;48234;54255;31582;1629;1564;1413;1393;1375;1439;1571;1596;1610;1613;1643;1643;0,563;0,545;0,514;0,373;0,422;0,293;0,185;0,119;0,084;0,062;0,051;0,049;0,255;0,288;0,284;0,3;0,28;0,343;0,388;0,37;0,324;0,268;0,236;0,199;0,182;0,166;0,201;0,326;0,298;0,364;0,427;0,51;0,592;0,67;0,713;0,752
France;FR30;Nord - Pas-de-Calais;8869;8683;11243;14842;15164;23889;38212;49534;55914;65407;69442;73573;12600;12870;14228;18713;20208;33097;56788;75121;75090;98077;115983;130933;12414;2800;3010;2953;3287;3376;3660;3914;3933;3965;4001;4042;4089;0,225;0,188;0,169;0,114;0,148;0,109;0,075;0,052;0,037;0,024;0,017;0,018;0,556;0,611;0,619;0,576;0,558;0,536;0,503;0,433;0,331;0,257;0,219;0,186;0,22;0,201;0,212;0,309;0,294;0,355;0,422;0,515;0,632;0,719;0,764;0,796
France;FR41;Lorraine;5303;6621;7205;8079;9132;15608;24955;30857;34906;39622;38450;39320;7534;9814;9118;10186;12169;21624;37088;46796;46877;59414;64220;69975;23547;2337;2587;1760;1908;1956;2194;2331;2320;2306;2314;2351;2340;0,336;0,293;0,248;0,158;0,075;0,17;0,299;0,292;0,29;0,205;0,032;0,028;0,416;0,524;0,492;0,499;0,491;0,434;0,362;0,357;0,345;0,34;0,26;0,213;0,249;0,183;0,259;0,343;0,434;0,396;0,339;0,352;0,366;0,454;0,709;0,758
France;FR42;Alsace;3201;4109;4918;5950;6087;9216;16629;24055;30092;36165;36043;38546;4548;6091;6224;7502;8112;12768;24714;36480;40413;54229;60199;68596;8280;1141;1218;1154;1210;1218;1318;1517;1566;1624;1745;1852;1880;0,387;0,373;0,319;0,197;0,249;0,163;0,09;0,046;0,029;0,021;0,016;0,018;0,366;0,375;0,428;0,452;0,449;0,456;0,45;0,421;0,368;0,299;0,263;0,223;0,247;0,254;0,254;0,35;0,301;0,381;0,461;0,534;0,603;0,68;0,721;0,76
France;FR43;Franche-Comté;2241;2877;3307;2930;4111;6807;10749;14064;17162;20390;19741;20093;3184;4265;4185;3694;5478;9431;15974;21328;23048;30575;32971;35757;16202;925;913;844;855;856;929;1060;1084;1097;1122;1173;1180;0,54;0,487;0,45;0,355;0,351;0,229;0,134;0,086;0,058;0,04;0,031;0,029;0,291;0,353;0,358;0,393;0,399;0,466;0,507;0,463;0,405;0,325;0,283;0,237;0,169;0,158;0,194;0,252;0,25;0,305;0,359;0,451;0,537;0,635;0,686;0,734
France;FR51;Pays de la Loire;5855;6239;7750;7594;9513;14399;27277;38160;46791;61277;67209;73692;8318;9249;9808;9574;12677;19949;40538;57871;62838;91884;112253;131144;32082;2346;2335;2168;2217;2320;2462;2767;2930;3059;3255;3601;3720;0,597;0,569;0,564;0,465;0,487;0,372;0,256;0,158;0,103;0,064;0,046;0,052;0,236;0,27;0,248;0,276;0,241;0,301;0,356;0,359;0,329;0,28;0,254;0,23;0,167;0,16;0,188;0,258;0,271;0,327;0,387;0,482;0,568;0,655;0,7;0,718
France;FR52;Bretagne;4540;4370;6056;6650;8709;12306;24269;33644;40515;52651;55748;61787;6449;6477;7663;8385;11605;17049;36067;51022;54409;78949;93110;109958;27209;2549;2597;2408;2367;2339;2397;2595;2708;2796;2933;3218;3296;0,654;0,643;0,649;0,544;0,571;0,448;0,316;0,193;0,121;0,072;0,051;0,049;0,181;0,217;0,181;0,215;0,189;0,236;0,279;0,286;0,267;0,241;0,223;0,198;0,164;0,139;0,17;0,242;0,241;0,316;0,405;0,521;0,612;0,688;0,726;0,753
France;FR53;Poitou-Charentes;3810;4804;4711;4505;4291;5894;14203;18913;23340;29000;30281;32821;5413;7121;5962;5680;5718;8167;21107;28682;31345;43486;50575;58409;25809;1487;1469;1345;1357;1393;1450;1528;1568;1595;1652;1778;1805;0,596;0,528;0,637;0,46;0,516;0,393;0,27;0,174;0,118;0,075;0,055;0,054;0,238;0,344;0,189;0,256;0,21;0,266;0,319;0,32;0,286;0,243;0,223;0,194;0,167;0,127;0,174;0,282;0,274;0,34;0,41;0,506;0,596;0,683;0,722;0,752
France;FR61;Aquitaine;6081;6583;7711;8161;9756;14302;25181;37099;44223;54882;60623;65009;8639;9758;9758;10289;13001;19815;37424;56262;59388;82295;101252;115691;41309;2272;2258;2139;2180;2209;2312;2550;2657;2796;2938;3254;3373;0,599;0,582;0,573;0,409;0,493;0,351;0,228;0,147;0,105;0,073;0,052;0,062;0,222;0,257;0,231;0,265;0,218;0,278;0,321;0,302;0,26;0,21;0,198;0,184;0,179;0,162;0,196;0,326;0,289;0,37;0,451;0,551;0,635;0,716;0,75;0,755
France;FR62;Midi-Pyrénées;4932;5516;6472;6770;7762;12104;20665;28355;38354;47591;53560;59534;7007;8177;8190;8536;10344;16770;30711;43002;51507;71363;89456;105947;45348;2269;2152;1943;1955;1975;2061;2268;2325;2431;2582;2903;3005;0,615;0,569;0,63;0,452;0,526;0,383;0,252;0,164;0,106;0,065;0,042;0,04;0,227;0,295;0,208;0,282;0,24;0,293;0,326;0,3;0,267;0,22;0,208;0,184;0,157;0,135;0,162;0,265;0,234;0,324;0,423;0,536;0,627;0,715;0,75;0,776
France;FR63;Limousin;2055;2460;2755;2535;2775;4091;7377;8440;10770;12096;11848;12264;2920;3646;3487;3196;3699;5667;10963;12799;14464;18139;19788;21826;16942;973;962;834;782;740;734;739;737;723;714;741;737;0,666;0,658;0,682;0,516;0,567;0,436;0,301;0,191;0,122;0,077;0,057;0,048;0,21;0,224;0,189;0,256;0,215;0,269;0,317;0,319;0,281;0,24;0,211;0,173;0,126;0,116;0,129;0,228;0,218;0,295;0,382;0,49;0,596;0,683;0,733;0,779
France;FR71;Rhône-Alpes;10094;10604;14713;16008;19516;32597;52400;73291;98965;121721;132636;144027;14340;15718;18618;20183;26007;45161;77874;111148;132904;182521;221529;256314;43698;3578;3580;3533;3646;3630;4019;4781;5016;5351;5701;6284;6522;0,458;0,434;0,397;0,268;0,306;0,19;0,108;0,065;0,04;0,027;0,019;0,02;0,355;0,384;0,393;0,44;0,409;0,455;0,468;0,412;0,353;0,279;0,245;0,213;0,187;0,183;0,21;0,292;0,285;0,355;0,424;0,524;0,607;0,694;0,736;0,767
France;FR72;Auvergne;3366;3256;4350;4707;5396;8197;12765;15540;20376;22743;22856;24600;4782;4826;5505;5935;7191;11357;18970;23567;27363;34104;38174;43778;26013;1511;1464;1326;1292;1247;1273;1330;1333;1321;1313;1351;1364;0,628;0,598;0,605;0,435;0,481;0,354;0,237;0,155;0,106;0,072;0,055;0,05;0,227;0,261;0,233;0,319;0,264;0,324;0,37;0,363;0,316;0,27;0,243;0,209;0,145;0,142;0,161;0,245;0,255;0,323;0,393;0,482;0,577;0,658;0,702;0,741
France;FR81;Languedoc-Roussillon;3969;4000;5260;6141;5287;8078;16191;22687;30265;37961;43434;45952;5639;5930;6656;7743;7046;11191;24062;34406;40644;56923;72544;81777;27376;1535;1531;1522;1518;1449;1555;1789;1927;2115;2327;2670;2779;0,513;0,514;0,526;0,355;0,435;0,316;0,214;0,138;0,088;0,059;0,041;0,044;0,262;0,287;0,25;0,292;0,246;0,28;0,295;0,265;0,22;0,173;0,166;0,144;0,225;0,197;0,224;0,353;0,319;0,403;0,491;0,598;0,692;0,768;0,793;0,812
France;FR82;Provence-Alpes-Côte d'Azur;5607;6436;10728;10537;12276;17940;33110;56944;71847;88579;99087;103010;7966;9540;13576;13285;16360;24855;49206;86359;96486;132825;165495;183318;31400;1774;1928;2098;2399;2415;2819;3676;3965;4258;4542;4916;5007;0,354;0,323;0,227;0,24;0,211;0,139;0,088;0,057;0,038;0,028;0,018;0,016;0,313;0,391;0,299;0,378;0,313;0,334;0,336;0,283;0,23;0,172;0,165;0,144;0,333;0,284;0,474;0,382;0,476;0,527;0,576;0,661;0,732;0,8;0,817;0,839
France;FR83;Corse;350;429;563;562;635;1080;1658;2750;3504;4300;5508;5818;498;636;713;709;846;1497;2463;4171;4706;6448;9199;10353;8680;295;291;288;278;247;181;226;240;250;265;314;327;.;.;.;.;0,505;0,356;0,245;0,156;0,083;0,051;0,029;0,036;.;.;.;.;0,151;0,207;0,25;0,235;0,189;0,154;0,169;0,169;.;.;.;.;0,345;0,437;0,506;0,608;0,729;0,795;0,801;0,795
Germany;DE11;Stuttgart, Regierungsbezirk;3974;5522;6202;9751;11939;28830;45739;60694;78337;92665;100358;114107;4842;7286;6508;11962;16949;45888;72111;94303;122785;166144;200197;244566;10558;1313;1494;1686;1860;2435;3038;3496;3459;3717;3874;3902;4032;0,411;0,391;0,375;0,295;0,219;0,129;0,067;0,042;0,029;0,016;0,012;0,01;0,36;0,392;0,407;0,455;0,49;0,556;0,574;0,505;0,462;0,366;0,324;0,327;0,23;0,217;0,218;0,25;0,291;0,314;0,359;0,452;0,509;0,619;0,665;0,663
Germany;DE12;Karlsruhe, Regierungsbezirk;3579;5397;5776;8357;9286;19345;32973;40031;51668;57966;62894;66673;4360;7121;6061;10252;13182;30790;51983;62199;80983;103931;125462;142900;6919;840;1048;1194;1317;1473;1697;1910;2380;2558;2646;2673;2738;0,339;0,289;0,28;0,23;0,194;0,117;0,044;0,033;0,021;0,009;0,007;0,006;0,4;0,442;0,438;0,521;0,459;0,511;0,53;0,457;0,4;0,321;0,281;0,273;0,261;0,268;0,283;0,249;0,348;0,372;0,426;0,509;0,579;0,67;0,713;0,721
Germany;DE13;Freiburg, Regierungsbezirk;2779;3772;3435;5871;5930;10930;18683;26793;33073;40122;43765;46466;3385;4977;3604;7201;8418;17397;29455;41630;51838;71937;87303;99590;9357;903;1027;1118;1234;1339;1626;1868;1851;1992;2102;2142;2205;0,504;0,49;0,46;0,338;0,34;0,212;0,107;0,076;0,049;0,023;0,017;0,015;0,301;0,316;0,336;0,341;0,379;0,467;0,503;0,452;0,41;0,352;0,317;0,312;0,195;0,195;0,204;0,321;0,281;0,322;0,39;0,472;0,541;0,625;0,666;0,674
Germany;DE14;Tübingen, Regierungsbezirk;2124;2836;2877;4541;5101;8698;15273;21671;28746;34801;39479;42403;2588;3742;3019;5570;7241;13845;24079;33672;45057;62396;78753;90883;8918;799;895;966;1066;1184;1398;1622;1499;1637;1737;1763;1806;0,532;0,522;0,507;0,412;0,348;0,213;0,115;0,079;0,05;0,029;0,022;0,019;0,309;0,327;0,346;0,393;0,433;0,533;0,564;0,476;0,435;0,363;0,334;0,336;0,159;0,151;0,147;0,196;0,218;0,254;0,321;0,445;0,515;0,608;0,643;0,645
Germany;DE21;Oberbayern, Regierungsbezirk;3898;4887;5869;9144;10681;23342;44526;67229;92511;109821;123170;141562;4748;6447;6159;11216;15163;37152;70199;104458;145001;196904;245702;303409;17530;1249;1467;1664;1816;2456;2755;3242;3643;3721;4034;4346;4547;0,396;0,398;0,33;0,267;0,232;0,145;0,085;0,06;0,039;0,023;0,018;0,015;0,291;0,276;0,329;0,332;0,364;0,417;0,433;0,355;0,318;0,249;0,215;0,219;0,313;0,325;0,34;0,401;0,404;0,438;0,482;0,585;0,643;0,729;0,767;0,766
Germany;DE22;Niederbayern, Regierungsbezirk;1426;1654;1434;2396;3944;4719;7937;11698;16463;20299;24318;25633;1737;2182;1504;2939;5600;7512;12513;18176;25804;36395;48510;54939;10329;682;711;756;825;1081;962;1012;997;1057;1170;1189;1205;0,683;0,704;0,662;0,596;0,49;0,394;0,26;0,178;0,108;0,059;0,046;0,038;0,17;0,163;0,191;0,209;0,295;0,356;0,424;0,392;0,402;0,359;0,331;0,331;0,146;0,133;0,148;0,195;0,215;0,25;0,316;0,43;0,49;0,581;0,623;0,632
Germany;DE23;Oberpfalz, Regierungsbezirk;1092;1448;1440;2115;3421;4997;8232;10709;14916;19818;23064;24534;1330;1910;1511;2595;4857;7954;12979;16638;23379;35532;46009;52583;9690;557;587;629;687;897;890;956;966;991;1074;1081;1089;0,629;0,636;0,575;0,508;0,404;0,279;0,172;0,121;0,077;0,042;0,032;0,025;0,217;0,215;0,252;0,269;0,34;0,429;0,468;0,402;0,395;0,35;0,333;0,339;0,153;0,149;0,173;0,223;0,256;0,291;0,36;0,477;0,527;0,608;0,635;0,635
Germany;DE24;Oberfranken, Regierungsbezirk;1525;2036;2275;3921;5067;7406;11252;13489;18004;18842;20709;21109;1858;2687;2387;4810;7193;11788;17739;20958;28220;33783;41312;45244;7232;674;736;758;827;1116;1087;1116;1052;1056;1114;1076;1062;0,477;0,475;0,424;0,37;0,275;0,198;0,126;0,088;0,058;0,026;0,02;0,017;0,358;0,362;0,411;0,42;0,478;0,537;0,557;0,488;0,454;0,375;0,323;0,321;0,166;0,163;0,165;0,21;0,247;0,266;0,318;0,424;0,488;0,6;0,657;0,662
Germany;DE25;Mittelfranken, Regierungsbezirk;2381;3445;3779;5521;5563;10771;17833;22994;30074;34415;37966;40868;2900;4546;3966;6772;7897;17143;28114;35727;47138;61705;75735;87591;7245;787;924;998;1089;1284;1374;1485;1518;1566;1683;1710;1726;0,406;0,39;0,332;0,272;0,254;0,172;0,115;0,066;0,042;0,02;0,015;0,012;0,367;0,386;0,426;0,437;0,43;0,491;0,508;0,431;0,39;0,316;0,279;0,278;0,227;0,224;0,243;0,291;0,316;0,337;0,377;0,503;0,568;0,664;0,706;0,71
Germany;DE26;Unterfranken, Regierungsbezirk;1473;2250;2332;3672;4194;6818;10959;14260;19423;24844;27411;28262;1795;2969;2447;4505;5954;10852;17278;22157;30443;44544;54680;60573;8531;657;715;763;832;1038;1090;1181;1193;1235;1334;1322;1307;0,58;0,587;0,543;0,472;0,388;0,262;0,135;0,097;0,058;0,026;0,02;0,017;0,221;0,218;0,263;0,283;0,355;0,441;0,499;0,423;0,399;0,341;0,306;0,303;0,199;0,196;0,194;0,246;0,257;0,297;0,366;0,48;0,544;0,633;0,674;0,68
Germany;DE27;Schwaben, Regierungsbezirk;2148;2630;2653;4220;5538;9571;16225;20052;27053;32389;36933;39486;2617;3470;2784;5176;7862;15234;25580;31155;42402;58073;73675;84629;9994;754;825;880;960;1312;1358;1487;1529;1594;1746;1785;1832;0,512;0,535;0,507;0,439;0,342;0,235;0,154;0,106;0,067;0,042;0,031;0,025;0,284;0,275;0,302;0,318;0,392;0,461;0,485;0,416;0,402;0,344;0,315;0,316;0,204;0,19;0,192;0,243;0,266;0,304;0,361;0,478;0,531;0,614;0,653;0,659
Germany;DE30;Berlin;11095;18322;22122;32741;13103;24782;35590;46250;41751;61987;67016;72674;13517;24175;23212;40162;18602;39445;56110;71862;65440;111139;133685;155762;892;2605;3632;4024;4322;3336;3269;3208;3051;3400;3387;3443;3491;0,095;0,014;0,009;0,008;0,018;0,009;0,008;0,004;0,003;0,001;0;0;0,468;0,537;0,509;0,475;0,491;0,508;0,45;0,347;0,343;0,177;0,125;0,12;0,436;0,45;0,482;0,517;0,49;0,483;0,541;0,649;0,654;0,822;0,875;0,88
Germany;DE40;Brandenburg;4755;6335;6781;11955;8772;14229;19099;26403;19535;33350;37029;38218;5793;8359;7116;14665;12454;22648;30111;41024;30619;59796;73866;81913;29484;1729;1879;2049;2391;2746;2655;2660;2667;2602;2601;2512;2473;0,319;0,26;0,407;0,309;0,341;0,252;0,185;0,145;0,147;0,032;0,029;0,028;0,376;0,406;0,355;0,383;0,363;0,506;0,454;0,477;0,438;0,274;0,221;0,221;0,305;0,334;0,238;0,307;0,296;0,242;0,361;0,378;0,415;0,693;0,75;0,751
Germany;DE50;Bremen;981;1345;2079;2883;2553;7199;10894;14093;15634;16898;17851;18490;1195;1774;2181;3537;3624;11458;17175;21897;24505;30297;35609;39629;419;222;298;411;445;559;706;723;695;674;663;662;666;0,067;0,07;0,038;0,031;0,036;0,019;0,016;0,005;0,004;0,002;0,002;0,001;0,426;0,425;0,395;0,459;0,416;0,415;0,378;0,333;0,294;0,239;0,192;0,194;0,507;0,505;0,567;0,51;0,548;0,566;0,606;0,663;0,702;0,759;0,806;0,805
Germany;DE60;Hamburg;4251;5671;7901;10542;8405;24958;34681;40651;47795;58115;62317;63959;5179;7483;8291;12931;11932;39725;54676;63161;74913;104197;124311;137082;755;969;1256;1483;1698;1606;1832;1794;1649;1626;1705;1774;1773;0,029;0,024;0,022;0,025;0,027;0,015;0,012;0,009;0,007;0,003;0,003;0,002;0,393;0,407;0,376;0,384;0,385;0,395;0,358;0,283;0,229;0,169;0,13;0,128;0,578;0,569;0,602;0,59;0,588;0,59;0,629;0,708;0,764;0,828;0,867;0,87
Germany;DE71+DE72;Darmstadt and Giessen;5171;7631;8192;13128;14917;31154;53522;75604;106405;120453;123673;175019;6299;10068;8596;16104;21176;49586;84380;117470;166778;215968;246706;375119;12826;1791;2169;2317;2968;3063;3558;4033;4304;4473;4783;4837;5661;0,311;0,269;0,278;0,25;0,202;0,104;0,045;0,032;0,018;0,009;0,008;0,005;0,393;0,429;0,425;0,431;0,426;0,482;0,5;0,391;0,342;0,246;0,204;0,165;0,296;0,302;0,297;0,319;0,373;0,414;0,455;0,576;0,639;0,745;0,789;0,83
Germany;DE73;Kassel, Regierungsbezirk;1924;2804;2975;4522;3810;7957;12597;16327;21254;22802;24153;24196;2345;3700;3122;5547;5409;12666;19861;25368;33313;40884;48182;51859;8289;709;790;867;1111;1261;1256;1349;1401;1188;1269;1225;1208;0,464;0,462;0,44;0,405;0,343;0,232;0,122;0,085;0,049;0,025;0,019;0,016;0,305;0,32;0,322;0,333;0,357;0,419;0,452;0,381;0,359;0,297;0,268;0,271;0,231;0,218;0,238;0,262;0,301;0,349;0,426;0,535;0,592;0,678;0,713;0,713
Germany;DE80;Mecklenburg-Vorpommern;2910;3511;3424;7195;7843;11376;14345;19840;13204;22199;23482;23336;3545;4632;3593;8826;11134;18107;22616;30827;20696;39801;46843;50016;23194;1357;1431;1516;1773;2253;2107;2095;2101;1964;1789;1651;1609;0,472;0,466;0,463;0,396;0,475;0,346;0,249;0,199;0,19;0,034;0,031;0,031;0,257;0,26;0,24;0,261;0,243;0,382;0,334;0,365;0,338;0,234;0,189;0,185;0,271;0,274;0,297;0,343;0,282;0,272;0,417;0,436;0,473;0,732;0,78;0,784
Germany;DE91+DE92;Statistische Regionen Braunschweig und Hannover;4348;5472;6458;11062;12758;24859;36761;52865;62230;70208;75826;59612;5297;7220;6776;13569;18112;39567;57957;82138;97538;125880;151258;127767;17148;1676;1901;1977;2208;3274;3253;3363;3689;3647;3822;3759;3198;0,343;0,347;0,315;0,258;0,221;0,128;0,07;0,051;0,033;0,017;0,014;0,022;0,391;0,392;0,406;0,402;0,412;0,474;0,48;0,4;0,352;0,283;0,236;0,237;0,266;0,261;0,279;0,34;0,367;0,397;0,45;0,549;0,615;0,701;0,75;0,741
Germany;DE93;Statistische Region Lüneburg;2165;2581;2506;4263;5852;9614;15298;15169;18694;23458;24437;24977;2638;3405;2630;5229;8307;15301;24119;23569;29300;42059;48748;53533;15495;808;916;876;1110;1646;1534;1691;1451;1467;1661;1694;1688;0,541;0,541;0,575;0,503;0,391;0,263;0,148;0,126;0,082;0,043;0,043;0,042;0,259;0,273;0,243;0,261;0,301;0,388;0,423;0,301;0,271;0,244;0,207;0,204;0,2;0,186;0,181;0,236;0,308;0,349;0,429;0,574;0,647;0,713;0,75;0,753
Germany;DE94;Statistische Region Weser-Ems;2373;2653;3377;6285;6814;13184;17367;27383;33897;41103;45673;46618;2891;3500;3544;7710;9674;20985;27380;42547;53130;73696;91110;99916;14971;883;1009;1162;1265;1877;1854;2029;2107;2170;2416;2476;2476;0,517;0,52;0,508;0,432;0,373;0,257;0,144;0,109;0,075;0,039;0,038;0,037;0,261;0,268;0,239;0,249;0,317;0,382;0,415;0,359;0,324;0,282;0,256;0,251;0,222;0,212;0,252;0,319;0,311;0,361;0,441;0,532;0,6;0,68;0,707;0,712
Germany;DEA1;Düsseldorf, Regierungsbezirk;8187;13703;16725;23411;20618;51711;77309;85816;93704;109704;119989;119385;9974;18081;17549;28718;29271;82306;121882;133337;146870;196695;239356;255879;5291;2518;3419;3866;4083;4302;5376;5626;5209;5168;5264;5173;5139;0,127;0,101;0,078;0,064;0,061;0,03;0,02;0,013;0,012;0,008;0,008;0,008;0,613;0,632;0,61;0,587;0,583;0,583;0,553;0,445;0,375;0,264;0,212;0,209;0,26;0,267;0,312;0,349;0,356;0,386;0,427;0,541;0,613;0,728;0,78;0,783
Germany;DEA2;Köln, Regierungsbezirk;5332;7710;8982;12009;11126;27285;42572;60486;70412;90342;97155;100891;6496;10172;9424;14731;15795;43428;67117;93981;110363;161979;193807;216241;7365;1558;1869;2123;2242;2443;3063;3429;3914;3963;4264;4383;4388;0,253;0,217;0,183;0,151;0,136;0,063;0,031;0,018;0,015;0,008;0,007;0,006;0,457;0,489;0,47;0,461;0,488;0,508;0,484;0,399;0,339;0,239;0,189;0,186;0,29;0,294;0,347;0,388;0,377;0,428;0,485;0,583;0,647;0,754;0,804;0,808
Germany;DEA3;Münster, Regierungsbezirk;2373;3956;5367;7816;8460;16620;23587;30832;36561;42599;48356;47425;2891;5219;5632;9588;12010;26453;37187;47905;57305;76379;96461;101646;6911;729;1019;1492;1598;1910;2259;2402;2412;2438;2609;2598;2596;0,352;0,293;0,24;0,222;0,181;0,107;0,063;0,045;0,036;0,019;0,017;0,016;0,443;0,521;0,525;0,499;0,536;0,558;0,528;0,444;0,384;0,289;0,241;0,239;0,205;0,187;0,235;0,278;0,282;0,336;0,409;0,511;0,58;0,691;0,741;0,745
Germany;DEA4;Detmold, Regierungsbezirk;2122;2803;3832;5557;7083;12023;19415;24719;30494;39244;41367;42026;2585;3698;4021;6817;10055;19136;30610;38408;47796;70363;82520;90074;6523;760;879;970;1152;1500;1606;1737;1814;1850;2049;2043;2042;0,411;0,4;0,348;0,324;0,223;0,147;0,072;0,05;0,037;0,014;0,012;0,011;0,368;0,396;0,439;0,421;0,462;0,527;0,539;0,47;0,429;0,344;0,288;0,286;0,221;0,204;0,213;0,255;0,315;0,327;0,389;0,48;0,534;0,642;0,7;0,703
Germany;DEA5;Arnsberg, Regierungsbezirk;5097;7922;9672;13103;13442;29264;43149;52306;58997;64439;68936;68149;6209;10453;10149;16073;19082;46578;68027;81271;92472;115536;137516;146064;8008;1721;2368;2513;3403;3042;3598;3721;3691;3685;3814;3676;3579;0,151;0,132;0,117;0,107;0,093;0,053;0,025;0,02;0,016;0,007;0,007;0,006;0,632;0,645;0,611;0,573;0,59;0,604;0,58;0,495;0,431;0,337;0,279;0,275;0,217;0,223;0,272;0,32;0,317;0,344;0,395;0,485;0,553;0,656;0,714;0,719
Germany;DEB1;Statistische Region Koblenz;2712;3837;3757;4961;4714;7564;12724;16446;19716;24951;26887;27229;3304;5063;3942;6085;6692;12040;20061;25553;30903;44736;53635;58360;8073;883;974;1006;1062;1140;1268;1354;1363;1377;1516;1491;1486;0,481;0,487;0,469;0,417;0,373;0,222;0,098;0,065;0,044;0,019;0,016;0,014;0,3;0,308;0,306;0,312;0,335;0,406;0,439;0,376;0,341;0,295;0,265;0,268;0,218;0,206;0,224;0,271;0,293;0,372;0,464;0,559;0,615;0,687;0,72;0,718
Germany;DEB2;Statistische Region Trier;987;1221;1452;1896;1689;2264;4165;5731;6878;7866;8664;8784;1203;1612;1524;2326;2398;3603;6566;8904;10781;14103;17283;18826;4924;352;388;417;440;429;459;482;471;478;512;514;525;0,649;0,682;0,643;0,586;0,553;0,384;0,223;0,141;0,095;0,046;0,034;0,03;0,197;0,193;0,17;0,182;0,209;0,282;0,343;0,318;0,301;0,282;0,261;0,263;0,154;0,125;0,187;0,232;0,238;0,334;0,434;0,541;0,604;0,672;0,706;0,707
Germany;DEB3;Statistische Region Rheinhessen-Pfalz;2785;4155;5013;7481;6193;11201;21867;27173;31333;36445;39408;41221;3393;5482;5261;9177;8791;17828;34475;42220;49110;65344;78613;88349;6851;1060;1197;1316;1434;1436;1690;1809;1805;1847;2003;2008;2025;0,379;0,373;0,34;0,297;0,298;0,17;0,085;0,061;0,044;0,027;0,025;0,024;0,373;0,389;0,423;0,42;0,414;0,479;0,507;0,432;0,386;0,301;0,256;0,251;0,248;0,238;0,237;0,283;0,288;0,351;0,408;0,507;0,571;0,672;0,718;0,725
Germany;Dec 00;Saarland;1590;2613;3031;3997;3503;7691;11021;14048;16419;18954;20163;20503;1937;3447;3180;4903;4973;12241;17375;21827;25735;33983;40221;43944;2569;543;710;805;824;955;1073;1120;1068;1065;1072;1023;995;0,229;0,197;0,134;0,145;0,15;0,084;0,024;0,022;0,013;0,006;0,005;0,005;0,561;0,577;0,591;0,524;0,554;0,542;0,517;0,449;0,39;0,319;0,279;0,276;0,21;0,227;0,275;0,331;0,296;0,374;0,46;0,529;0,598;0,676;0,716;0,719
Germany;DED2;Dresden, NUTS 2-Region;4369;5987;8082;12081;5870;11462;15277;19722;13175;22006;24591;26068;5323;7899;8481;14819;8334;18243;24085;30643;20651;39456;49055;55873;7931;1502;1778;1831;1902;1981;1885;1873;1806;1765;1725;1631;1602;0,108;0,077;0,085;0,075;0,178;0,116;0,095;0,078;0,074;0,021;0,016;0,015;0,7;0,723;0,706;0,675;0,506;0,656;0,571;0,572;0,539;0,296;0,255;0,256;0,192;0,2;0,209;0,25;0,316;0,227;0,335;0,35;0,387;0,683;0,729;0,73
Germany;DED4;Chemnitz, NUTS 2-Region;5574;6984;8765;11928;7573;12848;17554;21900;10679;20596;22198;22131;6791;9215;9197;14631;10751;20450;27675;34027;16739;36928;44282;47434;6524;1830;2106;2163;2259;2334;2112;2048;1930;1779;1639;1540;1472;0,231;0,201;0,199;0,148;0,099;0,083;0,066;0,058;0,051;0,023;0,017;0,015;0,493;0,506;0,524;0,522;0,668;0,732;0,642;0,629;0,595;0,348;0,315;0,317;0,276;0,293;0,277;0,331;0,233;0,184;0,292;0,313;0,354;0,629;0,668;0,667
Germany;DED5;Leipzig, NUTS 2-Region;3099;4273;5549;8033;4677;9098;12319;14910;8741;13860;15783;17742;3775;5638;5822;9854;6640;14480;19422;23166;13701;24850;31485;38026;3965;1022;1230;1307;1358;1652;1519;1491;1412;1249;1096;997;1005;0,169;0,126;0,124;0,107;0,159;0,123;0,093;0,084;0,082;0,016;0,014;0,011;0,507;0,545;0,543;0,51;0,517;0,635;0,554;0,544;0,503;0,252;0,201;0,192;0,324;0,329;0,332;0,383;0,325;0,242;0,353;0,372;0,415;0,732;0,785;0,797
Germany;DEE0;Sachsen-Anhalt;6427;7708;9334;17078;10734;19287;25238;33049;19449;32040;34319;32905;7829;10171;9794;20949;15238;30699;39789;51350;30484;57447;68461;70525;20450;2672;2924;3058;3340;3641;3347;3243;3101;2965;2649;2356;2249;0,372;0,364;0,331;0,279;0,266;0,199;0,145;0,118;0,118;0,026;0,022;0,021;0,381;0,394;0,413;0,425;0,437;0,578;0,514;0,52;0,484;0,288;0,254;0,251;0,247;0,242;0,255;0,296;0,297;0,223;0,341;0,362;0,398;0,687;0,724;0,727
Germany;DEF0;Schleswig-Holstein;3402;4146;4389;7229;8752;15155;23696;33681;40232;47922;49131;50109;4145;5471;4606;8868;12425;24121;37359;52332;63059;85922;98008;107399;15800;1210;1388;1470;1539;2595;2317;2494;2605;2595;2777;2832;2848;0,355;0,332;0,333;0,293;0,254;0,161;0,094;0,072;0,047;0,027;0,027;0,028;0,308;0,324;0,323;0,318;0,351;0,393;0,372;0,302;0,269;0,227;0,195;0,196;0,337;0,344;0,344;0,389;0,395;0,447;0,534;0,626;0,683;0,747;0,778;0,776
Germany;DEG0;Thüringen;4417;6145;7277;12298;8756;15705;20454;27977;16978;29406;31642;33252;5381;8108;7636;15085;12430;24997;32247;43469;26611;52723;63120;71269;16173;1881;2116;1905;2034;2693;2520;2547;2529;2684;2449;2250;2170;0,329;0,303;0,297;0,249;0,272;0,188;0,132;0,102;0,098;0,026;0,02;0,022;0,458;0,487;0,485;0,488;0,456;0,605;0,546;0,56;0,522;0,318;0,294;0,293;0,214;0,21;0,218;0,263;0,271;0,206;0,322;0,338;0,38;0,657;0,686;0,685
Italy;ITC1;Piemonte;6982;9250;12705;16251;18276;31049;55160;71149;82068;93493;89455;84400;8284;10284;11412;14220;19321;36639;71330;109958;125723;163414;166851;163208;25387;3244;3354;3311;3417;3545;3907;4401;4469;4316;4234;4452;4420;0,612;0,555;0,488;0,421;0,356;0,281;0,141;0,106;0,064;0,04;0,054;0,023;0,226;0,273;0,299;0,349;0,387;0,425;0,513;0,446;0,385;0,349;0,272;0,27;0,162;0,172;0,213;0,23;0,257;0,295;0,346;0,448;0,551;0,611;0,674;0,707
Italy;ITC2;Valle d’Aosta/Vallée d’Aoste;173;240;339;407;531;1025;1622;2041;2647;2742;3215;2899;205;266;304;357;562;1209;2097;3155;4056;4792;5996;5605;3261;80;78;79;82;96;102;110;112;116;119;128;128;0,768;0,72;0,638;0,586;0,567;0,392;0,237;0,125;0,099;0,052;0,044;0,035;0,091;0,121;0,184;0,243;0,264;0,33;0,321;0,307;0,258;0,221;0,235;0,184;0,141;0,158;0,178;0,172;0,169;0,278;0,442;0,568;0,643;0,726;0,721;0,781
Italy;ITC3;Liguria;2889;4511;5660;8450;8914;13275;19337;24704;28769;32486;31611;31585;3428;5015;5084;7394;9424;15665;25006;38178;44073;56782;58960;61077;5416;1078;1200;1329;1470;1574;1739;1857;1826;1696;1591;1616;1582;0,425;0,358;0,298;0,253;0,264;0,205;0,119;0,076;0,039;0,032;0,034;0,019;0,262;0,317;0,31;0,355;0,297;0,316;0,327;0,275;0,232;0,214;0,194;0,165;0,313;0,325;0,392;0,392;0,439;0,479;0,554;0,649;0,729;0,754;0,772;0,816
Italy;ITC4;Lombardia;9510;13519;19033;27333;34867;63937;113198;151689;192693;223980;237080;236703;11283;15029;17096;23918;36861;75448;146382;234428;295193;391488;442200;457723;23864;4286;4792;5104;5742;6518;7277;8376;8813;8859;9058;9872;9992;0,506;0,44;0,358;0,285;0,245;0,136;0,063;0,044;0,04;0,026;0,027;0,012;0,316;0,37;0,407;0,455;0,456;0,512;0,551;0,498;0,413;0,367;0,318;0,273;0,178;0,19;0,236;0,26;0,299;0,352;0,386;0,458;0,547;0,607;0,655;0,715
Italy;ITH1+ITH2;Provincia Autonoma di Bolzano/Bozen-Provincia Autonoma di Trento;767;1040;1807;2233;2730;4752;8840;15447;19587;23655;24856;26571;910;1157;1624;1954;2886;5607;11431;23873;30006;41346;46361;51381;13606;516;559;687;688;739;778;841;892;925;950;1033;1055;0,682;0,631;0,571;0,502;0,503;0,407;0,198;0,148;0,102;0,075;0,07;0,047;0,152;0,169;0,181;0,222;0,213;0,236;0,285;0,262;0,255;0,236;0,24;0,211;0,166;0,2;0,249;0,277;0,284;0,357;0,517;0,591;0,643;0,689;0,69;0,742
Italy;ITH3;Veneto;3854;6104;7607;9948;13180;22021;39228;62442;80495;99496;104465;100482;4572;6786;6833;8705;13934;25986;50727;96502;123313;173906;194848;194307;18407;2540;2897;3236;3503;3835;3777;4098;4338;4407;4554;4925;4922;0,626;0,602;0,573;0,527;0,505;0,326;0,172;0,122;0,081;0,051;0,047;0,028;0,198;0,213;0,222;0,25;0,245;0,341;0,42;0,428;0,398;0,378;0,344;0,314;0,176;0,185;0,205;0,223;0,25;0,333;0,408;0,45;0,521;0,571;0,609;0,659
Italy;ITH4;Friuli-Venezia Giulia;1341;1919;3196;4782;4647;6400;11765;16397;20698;25194;25775;23637;1591;2133;2871;4184;4913;7552;15214;25341;31707;44035;48075;45707;7862;877;1110;1002;1127;1197;1169;1237;1265;1214;1186;1235;1226;0,476;0,444;0,446;0,419;0,4;0,301;0,16;0,088;0,062;0,043;0,043;0,024;0,308;0,286;0,317;0,307;0,283;0,316;0,368;0,357;0,306;0,297;0,277;0,267;0,216;0,271;0,237;0,273;0,316;0,383;0,472;0,556;0,632;0,66;0,68;0,71
Italy;ITH5;Emilia-Romagna;4607;7152;9972;11706;13848;25439;43488;67809;79042;95443;99089;99085;5466;7951;8957;10243;14640;30019;56237;104796;121086;166823;184819;191604;22453;2505;2747;3028;3284;3520;3616;3830;3967;3953;4048;4414;4446;0,63;0,586;0,606;0,586;0,497;0,312;0,175;0,136;0,102;0,062;0,053;0,026;0,2;0,239;0,199;0,21;0,231;0,339;0,407;0,386;0,355;0,338;0,307;0,287;0,17;0,175;0,196;0,205;0,273;0,348;0,418;0,478;0,542;0,6;0,641;0,687
Italy;ITI1;Toscana;4177;6180;8591;10178;11631;20646;36370;51790;60982;73219;75241;73113;4956;6870;7717;8906;12296;24363;47032;80039;93420;127977;140338;141381;22987;2494;2631;2760;2929;3165;3279;3481;3605;3591;3557;3740;3749;0,578;0,516;0,51;0,475;0,425;0,282;0,134;0,115;0,055;0,033;0,038;0,034;0,244;0,301;0,265;0,286;0,3;0,376;0,424;0,392;0,336;0,314;0,27;0,248;0,179;0,183;0,225;0,24;0,276;0,342;0,442;0,492;0,609;0,653;0,692;0,718
Italy;ITI2;Umbria;1037;1287;1754;2351;2535;4357;7072;11201;12996;15430;15514;14206;1230;1431;1575;2057;2680;5141;9145;17311;19909;26970;28937;27472;8464;571;584;630;716;804;781;774;806;821;845;904;894;0,741;0,7;0,68;0,645;0,567;0,455;0,22;0,151;0,098;0,047;0,042;0,035;0,149;0,172;0,177;0,196;0,21;0,268;0,361;0,406;0,327;0,307;0,278;0,248;0,11;0,128;0,143;0,158;0,223;0,277;0,419;0,442;0,576;0,646;0,68;0,717
Italy;ITI3;Marche;1595;2136;2702;3366;4063;6813;11525;18750;22253;27523;29348;26899;1893;2375;2427;2946;4295;8039;14904;28978;34090;48107;54740;52016;9401;1060;1093;1148;1250;1349;1315;1347;1405;1430;1468;1562;1549;0,704;0,677;0,684;0,665;0,568;0,475;0,249;0,146;0,087;0,046;0,049;0,031;0,17;0,19;0,176;0,181;0,214;0,261;0,369;0,401;0,383;0,361;0,358;0,326;0,126;0,133;0,14;0,154;0,217;0,264;0,382;0,453;0,53;0,592;0,593;0,643
Italy;ITI4;Lazio;3985;5611;8178;10783;12723;26535;50466;69553;95796;109996;121189;121030;4728;6238;7346;9435;13451;31313;65260;107492;146753;192259;226041;234042;17232;1639;1766;2005;2642;3384;3932;4681;5029;5176;5188;5705;5886;0,566;0,51;0,46;0,416;0,344;0,206;0,095;0,091;0,051;0,032;0,026;0,02;0,184;0,214;0,206;0,224;0,202;0,231;0,257;0,245;0,186;0,183;0,177;0,145;0,25;0,276;0,334;0,361;0,454;0,563;0,648;0,664;0,763;0,785;0,797;0,835
Italy;ITF1;Abruzzo;1223;1687;2233;2266;2489;4680;8188;13376;17911;20122;20824;21597;1451;1875;2006;1983;2632;5523;10588;20672;27439;35171;38840;41763;10832;1010;1014;1028;1159;1228;1135;1121;1190;1235;1253;1341;1330;0,768;0,769;0,765;0,749;0,71;0,515;0,331;0,227;0,109;0,065;0,081;0,05;0,147;0,133;0,121;0,118;0,112;0,215;0,269;0,322;0,289;0,323;0,296;0,274;0,085;0,097;0,114;0,133;0,178;0,27;0,4;0,451;0,602;0,612;0,623;0,676
Italy;ITF2;Molise;427;568;718;786;790;1280;1914;3147;4054;4724;4649;4004;507;631;645;688;835;1510;2475;4864;6211;8258;8671;7742;4461;366;349;334;387;392;338;303;313;320;312;320;313;0,792;0,781;0,759;0,727;0,691;0,688;0,486;0,328;0,158;0,086;0,112;0,085;0,12;0,12;0,128;0,145;0,166;0,141;0,188;0,256;0,287;0,28;0,273;0,23;0,087;0,099;0,113;0,129;0,143;0,171;0,325;0,416;0,555;0,635;0,615;0,686
Italy;ITF3;Campania;4944;6893;8517;10164;10417;19675;33413;46030;60964;69751;69786;66627;5866;7663;7650;8894;11013;23217;43208;71137;93392;121916;130163;128839;13671;2853;2992;3211;3639;4311;4628;4952;5364;5583;5689;5830;5855;0,541;0,527;0,509;0,48;0,48;0,342;0,246;0,21;0,113;0,072;0,059;0,044;0,236;0,237;0,229;0,241;0,202;0,271;0,301;0,282;0,224;0,219;0,197;0,182;0,222;0,236;0,261;0,279;0,317;0,387;0,452;0,508;0,663;0,709;0,744;0,774
Italy;ITF4;Puglia;3351;4478;6383;6465;7285;13661;23311;34806;42876;50149;50922;47802;3976;4979;5734;5657;7701;16121;30145;53792;65684;87654;94979;92436;19541;1981;2152;2320;2616;3193;3298;3480;3779;3959;3955;4088;4086;0,644;0,63;0,604;0,529;0,66;0,519;0,406;0,218;0,162;0,127;0,102;0,088;0,201;0,201;0,208;0,257;0,128;0,191;0,238;0,281;0,24;0,23;0,234;0,197;0,156;0,168;0,188;0,214;0,211;0,29;0,357;0,501;0,598;0,642;0,665;0,715
Italy;ITF5;Basilicata;634;839;1058;1040;1003;2239;3854;5634;6368;8138;7471;7587;752;933;950;910;1060;2642;4984;8707;9756;14224;13936;14670;10073;480;474;468;532;616;604;564;576;588;575;588;576;0,779;0,768;0,759;0,752;0,763;0,637;0,42;0,33;0,166;0,107;0,121;0,103;0,124;0,128;0,132;0,129;0,104;0,172;0,252;0,26;0,257;0,281;0,247;0,232;0,097;0,104;0,109;0,119;0,133;0,191;0,328;0,41;0,577;0,612;0,632;0,665
Italy;ITF6;Calabria;1631;2379;2784;2881;3233;6652;11713;15225;19244;23503;24027;21732;1935;2644;2501;2521;3418;7850;15147;23529;29481;41081;44815;42023;15222;1369;1401;1511;1721;1982;1942;1869;1960;1988;1956;2010;1975;0,628;0,669;0,705;0,676;0,678;0,524;0,37;0,292;0,198;0,163;0,141;0,155;0,259;0,211;0,162;0,159;0,146;0,221;0,257;0,246;0,16;0,164;0,173;0,133;0,113;0,12;0,133;0,165;0,176;0,255;0,373;0,462;0,642;0,673;0,686;0,712
Italy;ITG1;Sicilia;5680;7597;8797;9687;8980;16539;29559;45310;56576;61527;61821;57905;6739;8446;7902;8477;9494;19516;38224;70024;86671;107541;115308;111974;25832;3527;3670;4059;3929;4441;4612;4581;4797;4913;4926;5047;5087;0,533;0,528;0,555;0,51;0,578;0,433;0,301;0,202;0,146;0,106;0,086;0,076;0,241;0,229;0,221;0,218;0,164;0,219;0,254;0,265;0,193;0,177;0,167;0,144;0,226;0,243;0,224;0,272;0,258;0,349;0,445;0,532;0,662;0,717;0,747;0,781
Italy;ITG2;Sardegna;1306;1896;2360;2906;2816;6002;11478;15789;19642;23037;23837;21524;1550;2108;2120;2542;2977;7083;14843;24401;30091;40266;44460;41622;24100;791;852;864;1025;1269;1362;1434;1563;1629;1611;1674;1662;0,621;0,593;0,605;0,564;0,578;0,45;0,277;0,165;0,137;0,098;0,077;0,067;0,181;0,206;0,178;0,2;0,17;0,221;0,256;0,286;0,221;0,189;0,181;0,16;0,198;0,201;0,217;0,236;0,252;0,329;0,467;0,549;0,642;0,713;0,742;0,773
Netherlands;NL11;Groningen;874;1096;1606;2006;2512;3807;6969;16921;11827;14024;19225;16421;1115;1541;1716;2140;2947;5024;10158;27558;17177;25195;35118;31931;2325;300;328;377;415;454;475;517;551;554;563;577;585;0,393;0,352;0,285;0,234;0,18;0,164;0,015;0,014;0,011;0,028;0,039;0,024;0,273;0,29;0,324;0,35;0,355;0,389;0,459;0,388;0,309;0,22;0,18;0,158;0,333;0,358;0,391;0,416;0,465;0,447;0,525;0,598;0,679;0,752;0,781;0,818
Netherlands;NL12;Friesland;1032;1252;1549;1778;2255;3141;5050;6698;8547;11459;12703;11409;1317;1760;1654;1897;2645;4145;7360;10908;12414;20586;23204;22185;3326;340;360;391;415;455;478;522;578;599;625;646;647;0,46;0,436;0,384;0,341;0,252;0,228;0,041;0,029;0,029;0,05;0,051;0,035;0,226;0,239;0,259;0,275;0,302;0,349;0,429;0,373;0,311;0,264;0,208;0,165;0,314;0,325;0,358;0,384;0,446;0,424;0,53;0,598;0,659;0,687;0,741;0,799
Netherlands;NL13;Drenthe;378;483;675;866;1420;2094;3492;4687;6834;8412;8927;8666;482;680;721;924;1666;2763;5090;7633;9926;15112;16306;16851;2636;149;173;214;242;281;311;367;416;441;470;491;489;0,522;0,499;0,455;0,416;0,329;0,273;0,013;0,015;0,018;0,058;0,03;0,03;0,269;0,3;0,304;0,306;0,325;0,382;0,469;0,387;0,336;0,255;0,223;0,16;0,209;0,201;0,242;0,277;0,346;0,345;0,517;0,598;0,645;0,687;0,747;0,81
Netherlands;NL21;Overijssel;1024;1404;2194;2599;3846;5901;9193;12144;15529;20967;24225;23356;1307;1974;2344;2772;4512;7787;13399;19777;22554;37667;44252;45416;3323;333;383;474;562;662;771;921;1010;1020;1078;1130;1143;0,386;0,351;0,275;0,219;0,184;0,144;0,015;0,013;0,013;0,04;0,032;0,028;0,395;0,42;0,472;0,512;0,46;0,507;0,521;0,415;0,374;0,276;0,217;0,188;0,219;0,23;0,253;0,269;0,357;0,349;0,464;0,571;0,613;0,684;0,751;0,784
Netherlands;NL22;Gelderland;1674;1939;3327;4149;5674;9042;17225;21494;27328;36490;41144;42606;2137;2726;3553;4425;6657;11932;25106;35005;39690;65554;75157;82846;4969;567;640;772;907;1067;1267;1506;1681;1804;1919;1999;2030;0,442;0,402;0,312;0,244;0,186;0,144;0,015;0,016;0,017;0,032;0,032;0,025;0,292;0,311;0,367;0,411;0,395;0,434;0,442;0,345;0,294;0,235;0,189;0,158;0,267;0,286;0,321;0,344;0,419;0,422;0,542;0,64;0,689;0,733;0,778;0,818
Netherlands;NL31;Utrecht;913;954;2074;2690;3257;5045;9267;13562;18417;30879;35420;37223;1165;1342;2215;2869;3822;6657;13507;22087;26749;55473;64701;72379;1382;251;289;369;467;569;677;801;886;1016;1108;1221;1266;0,276;0,24;0,166;0,119;0,079;0,067;0,012;0,01;0,009;0,019;0,013;0,009;0,342;0,346;0,376;0,393;0,378;0,391;0,372;0,268;0,208;0,134;0,128;0,109;0,382;0,414;0,458;0,488;0,543;0,542;0,616;0,722;0,784;0,847;0,858;0,883
Netherlands;NL32;Noordholland;3896;5366;9100;10806;12777;18846;29808;35395;44396;64567;74985;88990;4972;7545;9720;11525;14991;24868;43448;57644;64480;115994;136974;173040;2664;968;1108;1386;1650;1811;2055;2244;2299;2376;2518;2669;2767;0,166;0,138;0,102;0,078;0,06;0,057;0,013;0,012;0,013;0,019;0,018;0,013;0,371;0,372;0,377;0,377;0,381;0,386;0,37;0,277;0,229;0,162;0,132;0,11;0,463;0,49;0,521;0,545;0,558;0,557;0,617;0,711;0,758;0,819;0,85;0,877
Netherlands;NL33;Zuidholland;4614;5633;10444;12812;16223;24652;41191;49917;60720;77098;85434;90615;5889;7921;11155;13665;19033;32530;60039;81295;88189;138506;156062;176200;2806;1144;1391;1791;2117;2336;2698;2969;3064;3220;3398;3506;3607;0,198;0,166;0,124;0,095;0,073;0,076;0,025;0,019;0,022;0,033;0,028;0,02;0,368;0,366;0,379;0,386;0,379;0,405;0,363;0,292;0,236;0,176;0,151;0,131;0,434;0,468;0,497;0,519;0,548;0,519;0,612;0,689;0,742;0,791;0,821;0,849
Netherlands;NL34;Zeeland;669;840;986;1231;1522;2189;3615;4976;6704;7172;8944;7427;854;1181;1053;1313;1786;2889;5269;8103;9737;12885;16338;14442;1784;216;233;247;251;260;284;306;344;356;372;381;381;0,537;0,502;0,439;0,387;0,259;0,231;0,031;0,025;0,024;0,026;0,032;0,04;0,184;0,209;0,233;0,254;0,305;0,322;0,459;0,391;0,339;0,26;0,252;0,184;0,279;0,289;0,328;0,359;0,436;0,447;0,51;0,584;0,637;0,714;0,716;0,776
Netherlands;NL41;Noordbrabant;1683;2234;3111;4149;6676;11517;20001;27520;37543;53630;60471;64116;2147;3141;3323;4425;7832;15197;29153;44819;54527;96345;110461;124673;4914;554;623;803;1011;1233;1485;1788;2031;2189;2356;2444;2493;0,443;0,418;0,307;0,228;0,148;0,107;0,01;0,011;0,015;0,031;0,032;0,024;0,341;0,347;0,425;0,482;0,47;0,521;0,548;0,438;0,379;0,276;0,221;0,186;0,215;0,235;0,268;0,29;0,381;0,372;0,442;0,551;0,606;0,693;0,747;0,79
Netherlands;NL42;Limburg;848;1238;1934;2553;3982;6663;9469;13071;17407;22672;24382;23632;1082;1741;2066;2723;4672;8792;13802;21287;25282;40730;44538;45953;2148;282;332;483;605;725;882;999;1065;1104;1141;1123;1120;0,477;0,42;0,286;0,195;0,112;0,091;0,013;0,015;0,018;0,038;0,035;0,029;0,305;0,341;0,437;0,508;0,575;0,538;0,522;0,427;0,387;0,289;0,22;0,166;0,218;0,239;0,277;0,297;0,313;0,371;0,464;0,558;0,595;0,673;0,745;0,805
Netherlands;NL23;Flevoland (1960 - );.;.;.;.;.;.;676;1596;2841;5171;6963;7738;.;.;.;.;.;.;985;2599;4126;9290;12719;15047;1413;.;.;.;.;.;.;40;111;212;317;388;403;.;.;.;.;.;0,501;0,278;0,072;0,058;0,06;0,034;0,032;.;.;.;.;.;0,168;0,392;0,296;0,217;0,188;0,157;0,125;.;.;.;.;.;0,331;0,329;0,632;0,724;0,751;0,809;0,843
Norway;NO01;Oslo og Akershus;1076;1278;2416;3946;4946;7242;10218;13169;22201;27964;33584;45182;2379;3037;4086;6039;7876;11130;15260;31878;41590;80520;110523;125600;5372;344;370;464;537;617;698;789;822;873;975;1123;1238;0,168;0,171;0,099;0,094;0,081;0,051;0,027;0,017;0,013;0,008;0,006;0,004;0,462;0,437;0,34;0,309;0,427;0,395;0,314;0,22;0,177;0,137;0,111;0,122;0,37;0,392;0,561;0,597;0,492;0,554;0,659;0,763;0,81;0,855;0,884;0,874
Norway;NO02;Hedmark og Oppland;326;423;466;763;1258;1850;2537;3395;4426;5208;5983;7875;721;1006;788;1168;2003;2844;3788;8219;8292;14995;19688;21891;52590;242;254;287;304;333;344;352;367;369;370;376;386;0,677;0,689;0,556;0,55;0,499;0,384;0,256;0,148;0,111;0,072;0,058;0,059;0,218;0,198;0,178;0,148;0,298;0,336;0,343;0,306;0,26;0,23;0,2;0,188;0,105;0,112;0,266;0,302;0,203;0,279;0,4;0,546;0,628;0,697;0,743;0,753
Norway;NO03;Sør-Østlandet;866;1106;1545;2276;3535;4878;6607;8678;11332;13160;15908;20609;1914;2627;2614;3483;5628;7498;9866;21007;21230;37895;52353;57291;36613;453;493;559;572;633;691;747;794;823;863;929;981;0,381;0,371;0,291;0,279;0,258;0,176;0,106;0,064;0,044;0,027;0,021;0,019;0,374;0,392;0,343;0,292;0,482;0,51;0,455;0,375;0,31;0,263;0,226;0,239;0,245;0,237;0,366;0,43;0,26;0,314;0,439;0,561;0,646;0,71;0,753;0,742
Norway;NO04;Agder og Rogaland;424;508;730;1282;1723;2518;3932;5758;9158;11449;16724;21802;939;1207;1235;1962;2743;3870;5871;13939;17157;32968;55038;60607;25811;289;300;326;339;384;422;469;528;577;631;707;765;0,458;0,477;0,337;0,309;0,291;0,207;0,145;0,08;0,061;0,041;0,027;0,023;0,28;0,279;0,278;0,265;0,392;0,409;0,376;0,326;0,304;0,281;0,271;0,285;0,262;0,244;0,385;0,426;0,317;0,384;0,479;0,594;0,635;0,678;0,701;0,692
Norway;NO05;Vestlandet;590;732;1170;1620;2530;3569;5366;7305;10792;13954;18355;24504;1305;1740;1979;2479;4029;5485;8013;17683;20217;40179;60407;68118;49163;433;458;508;534;600;651;695;732;754;786;836;888;0,595;0,576;0,401;0,36;0,326;0,245;0,182;0,101;0,08;0,051;0,034;0,03;0,225;0,221;0,233;0,216;0,375;0,391;0,354;0,315;0,278;0,263;0,243;0,236;0,181;0,203;0,366;0,424;0,299;0,364;0,464;0,584;0,643;0,686;0,722;0,734
Norway;NO06;Trøndelag;303;402;519;877;1219;1778;2631;3501;4901;6309;8022;11159;669;955;878;1342;1941;2732;3929;8474;9181;18167;26400;31022;41254;219;233;263;278;308;327;349;369;377;390;422;448;0,593;0,578;0,429;0,428;0,377;0,288;0,214;0,128;0,103;0,067;0,048;0,042;0,248;0,239;0,217;0,19;0,331;0,334;0,292;0,267;0,23;0,207;0,192;0,19;0,159;0,183;0,354;0,383;0,292;0,378;0,494;0,605;0,667;0,727;0,76;0,768
Norway;NO07;Nord-Norge;278;361;403;776;1153;1977;3140;4036;5699;6868;8566;11302;615;858;682;1188;1836;3039;4689;9769;10676;19776;28190;31417;112976;259;285;323;357;404;437;456;468;460;464;466;483;0,765;0,742;0,546;0,534;0,476;0,342;0,229;0,115;0,086;0,069;0,052;0,052;0,134;0,133;0,154;0,136;0,278;0,311;0,277;0,264;0,221;0,179;0,173;0,176;0,102;0,126;0,3;0,329;0,247;0,347;0,494;0,621;0,692;0,752;0,774;0,772
Portugal;PT11;Norte;3081;2767;3477;4906;5625;8456;14633;24344;33779;43314;51437;43771;3570;3450;4592;6282;7012;10241;17747;29542;41144;63579;78361;86566;28784;2174;2411;2600;2960;3231;3392;3253;3602;3596;3654;3720;3616;0,665;0,638;0,59;0,553;0,497;0,458;0,366;0,241;0,18;0,089;0,079;0,105;0,182;0,198;0,206;0,217;0,275;0,311;0,366;0,427;0,446;0,466;0,379;0,336;0,153;0,163;0,203;0,23;0,229;0,231;0,269;0,332;0,374;0,445;0,542;0,559
Portugal;PT15;Algarve;267;300;318;519;531;696;1054;2491;4035;6109;7654;6497;310;374;421;664;662;843;1278;3023;4915;8967;11661;12850;4960;230;274;296;320;328;315;269;323;334;375;445;441;0,663;0,641;0,629;0,617;0,629;0,585;0,451;0,251;0,207;0,087;0,047;0,079;0,138;0,15;0,156;0,188;0,194;0,224;0,249;0,273;0,196;0,209;0,179;0,118;0,199;0,209;0,215;0,195;0,177;0,191;0,3;0,476;0,597;0,704;0,774;0,803
Portugal;PT16;Centro;1619;1691;2153;2984;3984;5584;9574;15928;21247;28475;32726;28087;1876;2109;2843;3820;4967;6763;11612;19329;25880;41797;49855;55548;23692;1301;1526;1722;1938;2103;2141;2017;2167;2340;2417;2464;2260;0,677;0,672;0,648;0,616;0,575;0,509;0,395;0,248;0,297;0,166;0,121;0,182;0,168;0,178;0,178;0,187;0,227;0,286;0,344;0,418;0,319;0,375;0,323;0,255;0,154;0,15;0,174;0,197;0,199;0,205;0,261;0,334;0,384;0,459;0,556;0,563
Portugal;PT17;Lisboa;1530;1782;2589;3662;5888;10169;21828;32241;44570;59233;72285;54039;1773;2223;3419;4689;7340;12316;26475;39126;54288;86945;110120;106875;7825;614;832;1138;1325;1549;1762;2049;2715;2673;2864;3084;2805;0,325;0,301;0,273;0,247;0,232;0,178;0,11;0,054;0,086;0,007;0,011;0,014;0,271;0,287;0,274;0,256;0,283;0,328;0,332;0,344;0,293;0,257;0,186;0,12;0,404;0,412;0,454;0,498;0,484;0,494;0,558;0,602;0,621;0,735;0,804;0,865
Portugal;PT18;Alentejo;539;685;686;1013;1588;1807;2409;3651;3796;5639;6290;9482;625;854;906;1298;1979;2188;2921;4430;4624;8277;9582;18753;23683;396;481;588;677;713;685;530;513;460;438;431;732;0,68;0,661;0,649;0,661;0,696;0,663;0,589;0,38;0,293;0,112;0,098;0,17;0,141;0,157;0,151;0,132;0,12;0,144;0,158;0,238;0,234;0,294;0,246;0,194;0,179;0,181;0,2;0,207;0,184;0,193;0,253;0,383;0,473;0,594;0,656;0,635
Spain;ES61;Andalucía;5495;7032;8174;6775;8925;12323;27412;43193;60244;82347;124250;104793;11870;15132;18018;13272;17010;21791;39767;62239;82992;141550;201082;210654;87598;3549;3805;4395;4992;5613;5882;5987;6393;6959;7372;8393;8392;0,699;0,667;0,59;0,588;0,582;0,494;0,373;0,269;0,168;0,129;0,105;0,075;0,149;0,164;0,197;0,167;0,163;0,202;0,247;0,247;0,249;0,223;0,159;0,142;0,151;0,169;0,213;0,245;0,255;0,304;0,38;0,484;0,583;0,648;0,736;0,784
Spain;ES24;Aragón;1494;1707;2525;1916;2397;3532;7325;11587;15754;20131;29135;24542;3228;3672;5566;3754;4568;6246;10627;16696;21703;34604;47151;49335;47720;913;953;1014;1034;1084;1104;1147;1192;1199;1195;1346;1325;0,732;0,754;0,604;0,578;0,589;0,447;0,346;0,211;0,128;0,089;0,075;0,064;0,116;0,102;0,188;0,178;0,182;0,257;0,297;0,336;0,348;0,332;0,278;0,225;0,152;0,144;0,208;0,244;0,229;0,296;0,357;0,453;0,524;0,579;0,648;0,711
Spain;ES12;Principado de Asturias;1053;885;1697;1445;2241;3276;6770;10380;12243;14538;20407;15502;2275;1905;3741;2830;4271;5792;9822;14957;16866;24990;33026;31161;10604;627;685;767;832;890;985;1049;1120;1106;1076;1083;1049;0,821;0,822;0,555;0,443;0,449;0,36;0,329;0,247;0,16;0,104;0,08;0,035;0,082;0,088;0,273;0,331;0,326;0,397;0,368;0,362;0,347;0,311;0,269;0,202;0,097;0,09;0,172;0,226;0,226;0,244;0,303;0,39;0,493;0,585;0,65;0,763
Spain;ES53;Illes Balears;458;623;864;866;1076;1731;4511;7987;12487;13954;19833;19836;989;1341;1904;1696;2052;3062;6544;11509;17202;23985;32097;39875;4992;312;326;352;392;417;446;529;643;712;862;1109;1124;0,705;0,639;0,384;0,436;0,417;0,334;0,208;0,124;0,04;0,033;0,029;0,009;0,149;0,192;0,339;0,267;0,28;0,271;0,265;0,23;0,21;0,191;0,143;0,126;0,146;0,169;0,277;0,297;0,304;0,395;0,527;0,646;0,749;0,775;0,828;0,865
Spain;ES70;Canarias;386;548;879;757;1509;2313;6412;12124;18047;24645;36178;29782;833;1179;1937;1483;2876;4089;9302;17470;24862;42363;58548;59867;7447;359;444;504;643;803;942;1135;1354;1500;1749;2122;2124;0,719;0,625;0,434;0,506;0,617;0,52;0,305;0,193;0,088;0,079;0,08;0,029;0,106;0,178;0,239;0,163;0,138;0,144;0,223;0,201;0,191;0,191;0,133;0,102;0,175;0,197;0,328;0,33;0,245;0,336;0,472;0,606;0,721;0,73;0,786;0,869
Spain;ES13;Cantabria;485;512;867;787;1026;1566;3262;4930;6022;7986;12146;8907;1048;1103;1911;1542;1955;2769;4732;7103;8296;13728;19657;17904;5321;276;303;345;385;403;431;467;510;530;534;592;585;0,71;0,679;0,459;0,467;0,422;0,379;0,329;0,248;0,149;0,106;0,078;0,032;0,136;0,12;0,24;0,246;0,291;0,325;0,338;0,339;0,325;0,32;0,261;0,211;0,154;0,201;0,301;0,287;0,287;0,296;0,333;0,413;0,526;0,573;0,662;0,758
Spain;ES42;Castilla-La Mancha;2128;2251;2899;2279;3338;4133;7971;11714;16273;21192;30289;26925;4597;4845;6390;4464;6362;7308;11564;16880;22417;36428;49019;54124;79462;1386;1537;1734;1884;2047;1979;1745;1657;1674;1745;2106;2061;0,772;0,774;0,699;0,698;0,651;0,597;0,466;0,318;0,179;0,141;0,124;0,088;0,111;0,108;0,157;0,136;0,154;0,17;0,23;0,281;0,327;0,342;0,28;0,222;0,117;0,118;0,143;0,165;0,195;0,233;0,304;0,401;0,494;0,517;0,595;0,69
Spain;ES41;Castilla y León;3362;3583;4518;3465;5853;7206;14064;20715;27510;35152;50048;39021;7263;7710;9958;6787;11156;12743;20403;29849;37898;60424;80995;78439;94226;2302;2363;2406;2627;2867;2854;2672;2586;2567;2479;2558;2476;0,803;0,778;0,644;0,634;0,609;0,542;0,443;0,306;0,186;0,116;0,102;0,069;0,072;0,073;0,15;0,15;0,154;0,2;0,23;0,278;0,298;0,308;0,27;0,207;0,125;0,149;0,206;0,216;0,237;0,258;0,326;0,416;0,516;0,576;0,628;0,724
Spain;ES51;Cataluña;6469;7574;11516;8944;10955;18575;43048;68090;92315;117652;172587;148754;13975;16300;25384;17520;20881;32846;62451;98114;127174;202236;279308;299023;32113;1966;2085;2558;2819;3199;3897;5020;5870;6098;6312;7524;7390;0,526;0,465;0,293;0,26;0,232;0,157;0,111;0,071;0,041;0,032;0,028;0,016;0,276;0,295;0,443;0,423;0,396;0,469;0,489;0,447;0,411;0,363;0,299;0,199;0,198;0,24;0,264;0,317;0,372;0,375;0,4;0,482;0,549;0,605;0,673;0,785
Spain;ES52;Comunidad Valenciana;2984;3218;5102;4366;5156;8581;19640;33940;48386;58387;88099;73849;6446;6925;11247;8553;9827;15174;28492;48905;66657;100363;142576;148450;23255;1588;1704;1820;2081;2295;2499;3039;3594;3875;4162;5112;4935;0,703;0,676;0,536;0,517;0,512;0,388;0,26;0,153;0,09;0,056;0,052;0,03;0,151;0,165;0,246;0,254;0,262;0,288;0,356;0,382;0,368;0,36;0,297;0,2;0,147;0,159;0,217;0,229;0,225;0,324;0,384;0,465;0,542;0,584;0,651;0,769
Spain;ES43;Extremadura;1039;1226;1493;1287;1773;2431;4229;6151;8859;10546;15807;12584;2244;2638;3292;2520;3380;4298;6135;8863;12204;18128;25581;25296;41635;882;991;1102;1201;1358;1372;1178;1078;1071;1071;1108;1091;0,8;0,777;0,694;0,751;0,732;0,634;0,525;0,376;0,239;0,182;0,141;0,097;0,102;0,112;0,154;0,081;0,077;0,142;0,165;0,185;0,223;0,238;0,205;0,166;0,098;0,112;0,152;0,168;0,191;0,224;0,31;0,439;0,538;0,58;0,654;0,737
Spain;ES11;Galicia;1901;2370;2987;2748;4259;5722;12566;20659;27856;32945;47984;40666;4107;5100;6585;5383;8118;10118;18230;29769;38375;56630;77655;81747;29574;1981;2064;2177;2488;2685;2637;2674;2796;2761;2732;2796;2732;0,862;0,835;0,751;0,706;0,687;0,626;0,546;0,44;0,31;0,203;0,174;0,067;0,059;0,071;0,11;0,112;0,119;0,151;0,188;0,226;0,253;0,287;0,258;0,208;0,079;0,094;0,14;0,182;0,194;0,223;0,265;0,334;0,437;0,51;0,568;0,725
Spain;ES30;Comunidad de Madrid;2252;2525;5086;4773;5953;11728;31124;55615;77921;113602;178627;147862;4864;5434;11212;9350;11347;20739;45152;80138;107344;195274;289082;297231;8028;775;879;1216;1496;1812;2570;3673;4602;4965;5289;6470;6379;0,342;0,363;0,12;0,107;0,095;0,059;0,03;0,018;0,01;0,004;0,004;0,003;0,207;0,195;0,324;0,29;0,294;0,347;0,361;0,319;0,274;0,236;0,195;0,111;0,451;0,442;0,556;0,602;0,61;0,594;0,61;0,663;0,716;0,761;0,801;0,887
Spain;ES62;Región de Murcia;634;779;1207;1072;1273;1850;4347;7108;10461;14868;23546;20054;1370;1677;2661;2099;2426;3271;6306;10242;14411;25558;38106;40313;11313;578;615;642;696;751;798;835;939;1047;1170;1466;1462;0,768;0,532;0,567;0,607;0,561;0,446;0,31;0,234;0,154;0,138;0,125;0,107;0,095;0,284;0,209;0,137;0,18;0,253;0,304;0,303;0,308;0,303;0,231;0,184;0,137;0,184;0,224;0,256;0,259;0,301;0,386;0,463;0,538;0,56;0,644;0,708
Spain;ES22;Comunidad Foral de Navarra;457;515;864;649;987;1463;3372;5189;7407;10934;16393;13467;988;1108;1906;1270;1880;2587;4892;7477;10204;18795;26530;27070;10390;308;312;338;352;381;406;461;504;522;550;639;636;0,719;0,702;0,564;0,597;0,529;0,403;0,28;0,163;0,076;0,068;0,054;0,05;0,111;0,117;0,195;0,159;0,208;0,302;0,393;0,418;0,442;0,432;0,399;0,281;0,17;0,181;0,242;0,244;0,264;0,295;0,327;0,419;0,482;0,5;0,547;0,669
Spain;ES21;País Vasco;2202;1971;3440;2803;4137;6788;16281;22909;28903;41477;60138;48485;4758;4242;7583;5490;7884;12003;23619;33011;39817;71297;97325;97464;7235;604;674;827;913;1033;1353;1827;2131;2126;2100;2181;2163;0,506;0,455;0,28;0,304;0,284;0,158;0,105;0,074;0,043;0,041;0,036;0,015;0,264;0,274;0,356;0,349;0,397;0,477;0,506;0,47;0,423;0,395;0,342;0,244;0,23;0,272;0,364;0,348;0,319;0,365;0,389;0,456;0,534;0,564;0,621;0,741
Spain;ES23;La Rioja;365;312;368;324;570;812;1637;2605;3626;4763;7080;5748;789;672;812;635;1087;1435;2375;3754;4996;8187;11458;11554;5045;189;188;198;215;230;231;236;252;265;267;323;313;0,677;0,645;0,562;0,554;0,528;0,477;0,381;0,232;0,139;0,117;0,094;0,069;0,151;0,168;0,214;0,2;0,201;0,269;0,324;0,383;0,405;0,386;0,337;0,282;0,172;0,187;0,224;0,246;0,271;0,254;0,295;0,385;0,456;0,498;0,568;0,649
Sweden;SE11;Stockholm;1449;2103;3391;7141;9159;13864;22864;25409;35518;52428;71326;80810;2264;3406;4612;8390;11977;18006;32017;34706;52858;92194;118500;135639;6519;473;572;713;878;1101;1271;1478;1528;1642;1823;2054;2210;0,215;0,169;0,113;0,068;0,041;0,025;0,014;0,01;0,007;0,007;0,002;0,004;0,383;0,389;0,366;0,36;0,383;0,405;0,29;0,224;0,204;0,181;0,138;0,137;0,402;0,442;0,521;0,572;0,575;0,57;0,696;0,766;0,79;0,812;0,86;0,859
Sweden;SE12;Östra Mellansverige;1868;2552;3267;5369;7469;10570;17347;20494;23695;26318;33646;36152;2919;4133;4443;6307;9766;13728;24291;27993;35262;46281;55898;60682;38609;914;964;1019;1043;1167;1248;1386;1423;1458;1492;1570;1630;0,529;0,486;0,402;0,305;0,199;0,128;0,08;0,051;0,041;0,038;0,017;0,024;0,304;0,319;0,357;0,418;0,492;0,523;0,464;0,399;0,346;0,323;0,245;0,233;0,167;0,195;0,241;0,276;0,31;0,349;0,455;0,55;0,613;0,638;0,738;0,743
Sweden;SE21;Småland med öarna;1119;1563;1847;2788;4353;5625;9254;11555;13293;14882;17859;18065;1748;2532;2512;3276;5692;7305;12959;15784;19782;26170;29671;30322;33332;643;656;675;680;725;734;768;774;784;781;812;831;0,605;0,567;0,478;0,389;0,292;0,204;0,126;0,088;0,065;0,052;0,027;0,043;0,23;0,253;0,312;0,346;0,419;0,46;0,455;0,421;0,375;0,378;0,292;0,278;0,165;0,179;0,21;0,264;0,289;0,337;0,419;0,491;0,56;0,57;0,681;0,679
Sweden;SE22;Sydsverige;1722;2637;3133;4874;6476;8581;14834;17408;20590;24146;30520;31745;2691;4270;4262;5726;8468;11144;20772;23777;30641;42460;50706;53284;13982;775;835;888;923;987;1027;1137;1177;1219;1280;1396;1451;0,495;0,428;0,337;0,282;0,202;0,149;0,094;0,067;0,045;0,041;0,016;0,032;0,295;0,309;0,345;0,368;0,424;0,447;0,396;0,35;0,317;0,296;0,211;0,19;0,21;0,264;0,317;0,35;0,374;0,403;0,51;0,583;0,638;0,663;0,773;0,778
Sweden;SE23;Västsverige;1988;2609;3922;6384;9437;12067;20553;24410;30571;35016;45005;49553;3106;4225;5334;7499;12339;15672;28780;33342;45495;61576;74771;83175;29418;999;1057;1140;1207;1328;1420;1569;1637;1713;1786;1879;1953;0,553;0,492;0,372;0,277;0,204;0,135;0,085;0,059;0,038;0,03;0,013;0,018;0,235;0,275;0,338;0,387;0,438;0,473;0,426;0,372;0,331;0,317;0,242;0,231;0,212;0,233;0,29;0,335;0,358;0,392;0,489;0,57;0,631;0,653;0,745;0,751
Sweden;SE31;Norra Mellansverige;1558;1986;2514;3653;5222;7155;10149;12654;13884;14836;17822;17257;2434;3216;3420;4291;6829;9292;14212;17284;20662;26089;29610;28966;63987;710;748;795;790;833;870;855;865;861;833;827;838;0,541;0,517;0,429;0,387;0,272;0,173;0,1;0,067;0,052;0,041;0,023;0,041;0,306;0,313;0,361;0,363;0,436;0,475;0,464;0,405;0,342;0,336;0,27;0,254;0,153;0,17;0,21;0,25;0,291;0,351;0,436;0,528;0,606;0,624;0,707;0,705
Sweden;SE32;Mellersta Norrland;892;945;1303;1839;2522;3667;4414;5601;6349;7051;9058;8224;1394;1530;1772;2160;3298;4763;6181;7651;9448;12398;15049;13803;71028;344;369;406;414;428;425;399;403;397;376;370;372;0,573;0,59;0,484;0,459;0,318;0,213;0,12;0,077;0,058;0,052;0,029;0,053;0,279;0,239;0,294;0,263;0,346;0,376;0,362;0,305;0,292;0,259;0,206;0,191;0,148;0,171;0,223;0,278;0,336;0,411;0,517;0,618;0,649;0,689;0,765;0,756
Sweden;SE33;Övre Norrland;706;869;1256;1773;2840;4235;5232;7252;8289;9062;13045;11935;1103;1408;1708;2083;3713;5500;7326;9906;12335;15935;21673;20032;153439;279;322;384;436;473;501;489;511;516;512;508;515;0,674;0,666;0,563;0,506;0,385;0,216;0,12;0,068;0,049;0,037;0,023;0,04;0,2;0,188;0,235;0,225;0,298;0,395;0,357;0,307;0,29;0,272;0,234;0,231;0,125;0,146;0,202;0,268;0,317;0,39;0,523;0,624;0,661;0,691;0,744;0,729
Switzerland;CH01;Région lémanique;2137;2730;3480;4217;6662;11190;18236;21044;26922;30009;38088;37788;2870;3555;3476;4343;6684;13304;24698;31203;44718;56305;82736;93542;8718;528;601;806;667;740;867;1050;1096;1231;1295;1462;1571;0,341;0,289;0,263;0,242;0,188;0,116;0,071;0,055;0,031;0,049;0,032;.;0,354;0,351;0,348;0,349;0,372;0,415;0,392;0,302;0,234;0,202;0,193;.;0,305;0,36;0,39;0,41;0,44;0,469;0,537;0,643;0,735;0,749;0,775;.
Switzerland;CH02;Espace Mittelland;3340;4139;5582;7049;11005;16461;23746;25968;30310;32395;37296;42735;4485;5390;5575;7260;11041;19571;32160;38504;50347;60781;81015;105789;10063;944;1036;1079;1154;1259;1397;1557;1539;1634;1656;1742;1826;0,339;0,303;0,273;0,243;0,122;0,088;0,099;0,085;0,054;0,076;0,059;.;0,435;0,439;0,443;0,444;0,48;0,52;0,516;0,418;0,326;0,287;0,284;.;0,226;0,258;0,284;0,314;0,398;0,392;0,385;0,496;0,62;0,638;0,657;.
Switzerland;CH03;Nordwestschweiz;1605;2054;2878;3789;6109;9766;16474;17977;20682;24316;29441;29810;2155;2675;2875;3902;6129;11611;22311;26655;34354;45623;63953;73793;1959;387;443;464;535;605;735;873;877;940;988;1061;1117;0,241;0,204;0,172;0,144;0,102;0,066;0,045;0,037;0,025;0,033;0,025;.;0,51;0,522;0,516;0,51;0,54;0,572;0,546;0,447;0,34;0,313;0,295;.;0,249;0,274;0,311;0,346;0,358;0,362;0,409;0,516;0,635;0,655;0,68;.
Switzerland;CH04;Zürich;1996;2566;3694;5092;8250;13590;22126;25609;31363;34897;42458;44827;2680;3341;3690;5244;8277;16157;29965;37971;52095;65477;92228;110967;1729;431;504;539;675;777;952;1108;1123;1179;1199;1351;1446;0,193;0,172;0,139;0,109;0,08;0,053;0,035;0,028;0,021;0,02;0,015;.;0,529;0,522;0,496;0,469;0,476;0,495;0,447;0,35;0,263;0,199;0,172;.;0,278;0,306;0,366;0,423;0,444;0,452;0,518;0,622;0,717;0,781;0,813;.
Switzerland;CH05;Ostschweiz;2194;2953;3253;3926;6104;8974;13772;15380;18761;20627;22772;25403;2947;3846;3249;4043;6124;10669;18652;22804;31162;38702;49466;62885;11521;611;707;706;699;752;821;903;907;988;1042;1094;1145;0,297;0,248;0,269;0,251;0,201;0,146;0,11;0,089;0,057;0,077;0,059;.;0,513;0,535;0,47;0,454;0,487;0,544;0,525;0,447;0,368;0,33;0,33;.;0,19;0,218;0,261;0,295;0,311;0,31;0,364;0,464;0,575;0,592;0,611;.
Switzerland;CH06;Zentralschweiz;979;1220;1573;1954;3105;4800;8060;9814;13571;14840;17366;19468;1315;1588;1571;2013;3115;5706;10916;14552;22542;27844;37723;48192;4483;275;307;324;375;407;461;534;558;620;677;740;782;0,401;0,357;0,333;0,296;0,248;0,182;0,133;0,102;0,074;0,084;0,063;.;0,357;0,365;0,365;0,378;0,413;0,472;0,476;0,411;0,342;0,285;0,271;.;0,242;0,278;0,303;0,325;0,339;0,347;0,392;0,487;0,583;0,631;0,666;.
Switzerland;CH07;Ticino;398;516;606;755;1310;2013;3522;4118;5292;6162;7479;9371;535;672;606;778;1314;2394;4770;6106;8790;11562;16247;23197;2813;139;156;156;161;175;196;245;266;282;308;336;350;0,458;0,419;0,373;0,295;0,183;0,106;0,049;0,033;0,017;0,025;0,016;.;0,336;0,32;0,338;0,365;0,429;0,453;0,426;0,316;0,248;0,273;0,261;.;0,206;0,261;0,289;0,341;0,388;0,441;0,525;0,651;0,736;0,701;0,723;.
United Kingdom;UKI;London Counties;38821;41420;50338;72063;69829;90169;116077;114967;142099;209363;297249;352804;48839;53115;65944;96164;95189;125368;168190;181227;201223;347632;439110;581061;1572;5982;6441;6882;7628;7220;7171;7423;6688;6859;7277;8068;8637;0,016;0,024;0,009;0,009;0,006;0,004;0,001;0,008;0,003;0,003;0,001;0,001;0,346;0,339;0,414;0,398;0,413;0,392;0,35;0,315;0,203;0,139;0,108;0,099;0,638;0,638;0,576;0,594;0,581;0,604;0,649;0,677;0,795;0,858;0,891;0,9
United Kingdom;UKH+UKJ;Rest of SouthEast;26065;32307;37355;57991;54495;78927;112386;165472;230165;305646;375813;368095;32792;41430;48936;77385;74285;109737;162842;260839;325931;507504;555168;606245;38215;5602;6274;6996;7793;9142;10274;11243;11978;11938;13101;14369;15012;0,152;0,137;0,125;0,07;0,088;0,058;0,04;0,023;0,024;0,017;0,009;0,012;0,295;0,273;0,283;0,268;0,375;0,41;0,401;0,402;0,285;0,218;0,177;0,158;0,552;0,589;0,592;0,662;0,537;0,531;0,559;0,576;0,692;0,765;0,814;0,83
United Kingdom;UKK;SouthWest;11092;12219;13430;17183;20646;26948;38365;52283;73158;94597;115043;117476;13954;15669;17594;22930;28144;37467;55590;82416;103597;157071;169947;193480;23800;2601;2719;2806;2913;3312;3484;3848;4281;4572;4895;5252;5463;0,158;0,158;0,144;0,105;0,108;0,079;0,056;0,044;0,035;0,027;0,017;0,018;0,344;0,325;0,349;0,284;0,35;0,365;0,378;0,334;0,281;0,224;0,189;0,177;0,498;0,517;0,507;0,611;0,542;0,556;0,566;0,622;0,684;0,749;0,793;0,805
United Kingdom;UKG;West Midlands;11831;13461;16409;26455;32094;42716;56668;61591;80152;97432;109408;111661;14884;17262;21497;35303;43749;59391;82109;97089;113501;161779;161622;183904;13000;2984;3245;3596;3921;4423;4723;5073;5135;5093;5249;5567;5753;0,09;0,077;0,061;0,047;0,043;0,03;0,023;0,019;0,017;0,015;0,01;0,012;0,587;0,54;0,605;0,53;0,597;0,637;0,569;0,471;0,384;0,292;0,22;0,188;0,323;0,383;0,335;0,423;0,36;0,333;0,409;0,51;0,598;0,692;0,77;0,801
United Kingdom;UKF;East  Midlands;9798;11183;12283;15760;21374;28062;35424;47707;64071;78567;93157;91261;12326;14341;16091;21030;29137;39017;51327;75203;90729;130455;137615;150304;15627;2274;2494;2686;2909;3196;3403;3614;3790;3908;4146;4496;4670;0,103;0,112;0,098;0,078;0,077;0,052;0,039;0,03;0,023;0,019;0,012;0,012;0,44;0,503;0,552;0,496;0,55;0,494;0,516;0,409;0,376;0,279;0,229;0,188;0,457;0,385;0,349;0,426;0,373;0,454;0,445;0,561;0,601;0,702;0,759;0,801
United Kingdom;UKC+UKD;North;34569;39556;43427;40955;65707;79778;101145;117118;140899;164085;189958;192565;43490;50725;56891;54651;89569;110921;146554;184617;199523;272452;280614;317151;22757;7714;8452;9051;9307;9517;9727;9940;9549;9199;9237;9608;9817;0,048;0,046;0,04;0,041;0,032;0,024;0,019;0,015;0,014;0,012;0,007;0,008;0,543;0,542;0,567;0,435;0,543;0,531;0,493;0,39;0,335;0,255;0,2;0,16;0,41;0,412;0,393;0,524;0,425;0,444;0,488;0,595;0,652;0,733;0,793;0,831
United Kingdom;UKE;Yorks  & Humberside;13865;15947;18693;22731;29591;36463;48261;58587;71343;88907;102626;102277;17442;20449;24488;30333;40338;50697;69928;92353;101027;147625;151604;168448;15420;3357;3698;3961;4379;4349;4438;4613;4831;4802;4948;5251;5407;0,057;0,054;0,045;0,045;0,037;0,029;0,02;0,022;0,012;0,016;0,01;0,012;0,579;0,573;0,605;0,505;0,577;0,564;0,523;0,426;0,347;0,264;0,212;0,181;0,364;0,373;0,35;0,45;0,386;0,408;0,457;0,552;0,641;0,721;0,778;0,807
United Kingdom;UKL;Wales;7579;9112;10815;13559;15394;20684;26074;30528;40501;46532;53409;52011;9535;11685;14169;18094;20985;28758;37779;48122;57352;77264;78899;85661;20779;2013;2377;2631;2550;2599;2639;2722;2785;2810;2894;3047;3121;0,126;0,116;0,103;0,105;0,086;0,061;0,046;0,039;0,035;0,023;0,018;0,021;0,467;0,482;0,487;0,356;0,475;0,474;0,465;0,38;0,322;0,233;0,208;0,191;0,407;0,402;0,41;0,539;0,439;0,464;0,489;0,581;0,643;0,744;0,774;0,788
United Kingdom;UKM;Scotland;18671;19881;23608;29220;31756;40019;52300;64469;81486;98011;120881;118644;23489;25495;30928;38993;43288;55641;75781;101625;115390;162740;178571;195404;78387;4472;4731;4867;4816;5096;5171;5224;5140;4979;5052;5272;5376;0,12;0,111;0,095;0,082;0,076;0,06;0,042;0,034;0,029;0,024;0,02;0,016;0,475;0,477;0,478;0,412;0,48;0,458;0,436;0,365;0,3;0,228;0,207;0,177;0,406;0,412;0,426;0,507;0,445;0,483;0,522;0,601;0,67;0,748;0,772;0,807
United Kingdom;UKN;Northern Ireland;3832;3662;4798;5053;6964;8922;12261;14805;20615;27913;33547;32081;4821;4696;6286;6743;9493;12405;17765;23337;29193;46348;49556;52836;13843;1237;1249;1254;1282;1371;1420;1525;1512;1564;1673;1798;1854;0,34;0,328;0,26;0,26;0,178;0,133;0,083;0,057;0,043;0,031;0,023;0,033;0,364;0,346;0,396;0,396;0,435;0,431;0,436;0,33;0,267;0,239;0,197;0,198;0,296;0,326;0,343;0,343;0,387;0,435;0,482;0,613;0,69;0,73;0,78;0,769
IRELAND;IE0;Ireland;8738;8350;7680;8965;10231;12127;18289;29047;41459;81716;99242;124593;10928;10619;10868;12221;13827;16453;25463;41886;61973;150458;220503;249194;70273;3222;3190;3143;2971;2962;2832;2962;3394;3517;3843;4508;4642;0,525;0,505;0,525;0,537;0,411;0,364;0,268;0,174;0,14;0,074;0,049;0,056;0,177;0,168;0,128;0,136;0,227;0,244;0,303;0,321;0,277;0,277;0,194;0,184;0,298;0,327;0,348;0,328;0,361;0,391;0,428;0,505;0,582;0,649;0,757;0,76
LUXEMBOURG;LU00;Luxembourg (state);1277;1598;1485;1977;2481;3126;4418;5700;8820;14422;18766;21691;1204;1686;2228;3142;3943;4986;7986;8751;13484;27929;29065;38716;2586;236;260;270;300;296;314;339;364;383;439;498;569;0,432;0,432;0,354;0,287;0,23;0,148;0,075;0,051;0,028;0,017;0,013;0,009;0,384;0,384;0,389;0,381;0,405;0,428;0,428;0,329;0,292;0,238;0,201;0,194;0,184;0,184;0,257;0,332;0,366;0,424;0,498;0,62;0,68;0,744;0,785;0,797